"Info_UID","Info_center_pos","ABCpred_prob","ABCpred_class"
"AMM45134.1",1,0,-1
"AMM45134.1",2,0,-1
"AMM45134.1",3,0,-1
"AMM45134.1",4,0.87,1
"AMM45134.1",5,0.87,1
"AMM45134.1",6,0.87,1
"AMM45134.1",7,0.87,1
"AMM45134.1",8,0.87,1
"AMM45134.1",9,0.87,1
"AMM45134.1",10,0.87,1
"AMM45134.1",11,0.87,1
"AMM45134.1",12,0.87,1
"AMM45134.1",13,0.87,1
"AMM45134.1",14,0.87,1
"AMM45134.1",15,0.87,1
"AMM45134.1",16,0.9,1
"AMM45134.1",17,0.9,1
"AMM45134.1",18,0.9,1
"AMM45134.1",19,0.9,1
"AMM45134.1",20,0.9,1
"AMM45134.1",21,0.9,1
"AMM45134.1",22,0.9,1
"AMM45134.1",23,0.9,1
"AMM45134.1",24,0.9,1
"AMM45134.1",25,0.9,1
"AMM45134.1",26,0.9,1
"AMM45134.1",27,0.9,1
"AMM45134.1",28,0.9,1
"AMM45134.1",29,0.9,1
"AMM45134.1",30,0.9,1
"AMM45134.1",31,0.9,1
"AMM45134.1",32,0,-1
"AMM45134.1",33,0,-1
"AMM45134.1",34,0,-1
"AMM45134.1",35,0,-1
"AMM45134.1",36,0,-1
"AMM45134.1",37,0,-1
"AMM45134.1",38,0,-1
"AMM45134.1",39,0,-1
"AMM45134.1",40,0,-1
"AMM45134.1",41,0,-1
"AMM45134.1",42,0.94,1
"AMM45134.1",43,0.94,1
"AMM45134.1",44,0.94,1
"AMM45134.1",45,0.94,1
"AMM45134.1",46,0.94,1
"AMM45134.1",47,0.94,1
"AMM45134.1",48,0.94,1
"AMM45134.1",49,0.94,1
"AMM45134.1",50,0.94,1
"AMM45134.1",51,0.94,1
"AMM45134.1",52,0.94,1
"AMM45134.1",53,0.94,1
"AMM45134.1",54,0.94,1
"AMM45134.1",55,0.94,1
"AMM45134.1",56,0.94,1
"AMM45134.1",57,0.94,1
"AMM45134.1",58,0.9,1
"AMM45134.1",59,0.9,1
"AMM45134.1",60,0.9,1
"AMM45134.1",61,0.9,1
"AMM45134.1",62,0.9,1
"AMM45134.1",63,0.9,1
"AMM45134.1",64,0.9,1
"AMM45134.1",65,0.9,1
"AMM45134.1",66,0.9,1
"AMM45134.1",67,0.9,1
"AMM45134.1",68,0.9,1
"AMM45134.1",69,0.87,1
"AMM45134.1",70,0.87,1
"AMM45134.1",71,0.87,1
"AMM45134.1",72,0.87,1
"AMM45134.1",73,0.87,1
"AMM45134.1",74,0.87,1
"AMM45134.1",75,0.87,1
"AMM45134.1",76,0.87,1
"AMM45134.1",77,0.87,1
"AMM45134.1",78,0.87,1
"AMM45134.1",79,0.87,1
"AMM45134.1",80,0.9,1
"AMM45134.1",81,0.9,1
"AMM45134.1",82,0.9,1
"AMM45134.1",83,0.9,1
"AMM45134.1",84,0.9,1
"AMM45134.1",85,0.9,1
"AMM45134.1",86,0.9,1
"AMM45134.1",87,0.9,1
"AMM45134.1",88,0.9,1
"AMM45134.1",89,0.9,1
"AMM45134.1",90,0.9,1
"AMM45134.1",91,0.9,1
"AMM45134.1",92,0.9,1
"AMM45134.1",93,0.9,1
"AMM45134.1",94,0.9,1
"AMM45134.1",95,0.9,1
"AMM45134.1",96,0,-1
"AMM45134.1",97,0,-1
"AMM45134.1",98,0,-1
"AMM45134.1",99,0,-1
"AMM45134.1",100,0.83,1
"AMM45134.1",101,0.83,1
"AMM45134.1",102,0.83,1
"AMM45134.1",103,0.83,1
"AMM45134.1",104,0.83,1
"AMM45134.1",105,0.83,1
"AMM45134.1",106,0.83,1
"AMM45134.1",107,0.83,1
"AMM45134.1",108,0.83,1
"AMM45134.1",109,0.83,1
"AMM45134.1",110,0.83,1
"AMM45134.1",111,0.83,1
"AMM45134.1",112,0.83,1
"AMM45134.1",113,0.83,1
"AMM45134.1",114,0.83,1
"AMM45134.1",115,0.83,1
"AMM45134.1",116,0.77,1
"AMM45134.1",117,0.77,1
"AMM45134.1",118,0.77,1
"AMM45134.1",119,0.77,1
"AMM45134.1",120,0.77,1
"AMM45134.1",121,0.77,1
"AMM45134.1",122,0.77,1
"AMM45134.1",123,0.77,1
"AMM45134.1",124,0.77,1
"AMM45134.1",125,0.76,1
"AMM45134.1",126,0.79,1
"AMM45134.1",127,0.79,1
"AMM45134.1",128,0.79,1
"AMM45134.1",129,0.79,1
"AMM45134.1",130,0.79,1
"AMM45134.1",131,0.79,1
"AMM45134.1",132,0.79,1
"AMM45134.1",133,0.93,1
"AMM45134.1",134,0.93,1
"AMM45134.1",135,0.93,1
"AMM45134.1",136,0.93,1
"AMM45134.1",137,0.93,1
"AMM45134.1",138,0.93,1
"AMM45134.1",139,0.93,1
"AMM45134.1",140,0.93,1
"AMM45134.1",141,0.93,1
"AMM45134.1",142,0.93,1
"AMM45134.1",143,0.93,1
"AMM45134.1",144,0.93,1
"AMM45134.1",145,0.93,1
"AMM45134.1",146,0.93,1
"AMM45134.1",147,0.93,1
"AMM45134.1",148,0.93,1
"AMM45134.1",149,0.7,1
"AMM45134.1",150,0.7,1
"AMM45134.1",151,0.7,1
"AMM45134.1",152,0.7,1
"AMM45134.1",153,0.7,1
"AMM45134.1",154,0.7,1
"AMM45134.1",155,0.7,1
"AMM45134.1",156,0.7,1
"AMM45134.1",157,0.7,1
"ANI26360.1",1,0,-1
"ANI26360.1",2,0,-1
"ANI26360.1",3,0,-1
"ANI26360.1",4,0,-1
"ANI26360.1",5,0,-1
"ANI26360.1",6,0,-1
"ANI26360.1",7,0,-1
"ANI26360.1",8,0.93,1
"ANI26360.1",9,0.93,1
"ANI26360.1",10,0.93,1
"ANI26360.1",11,0.93,1
"ANI26360.1",12,0.93,1
"ANI26360.1",13,0.93,1
"ANI26360.1",14,0.93,1
"ANI26360.1",15,0.93,1
"ANI26360.1",16,0.93,1
"ANI26360.1",17,0.93,1
"ANI26360.1",18,0.93,1
"ANI26360.1",19,0.93,1
"ANI26360.1",20,0.93,1
"ANI26360.1",21,0.93,1
"ANI26360.1",22,0.93,1
"ANI26360.1",23,0.93,1
"ANI26360.1",24,0.9,1
"ANI26360.1",25,0.9,1
"ANI26360.1",26,0.9,1
"ANI26360.1",27,0.9,1
"ANI26360.1",28,0.9,1
"ANI26360.1",29,0.9,1
"ANI26360.1",30,0.9,1
"ANI26360.1",31,0.9,1
"ANI26360.1",32,0.9,1
"ANI26360.1",33,0.9,1
"ANI26360.1",34,0.9,1
"ANI26360.1",35,0.84,1
"ANI26360.1",36,0.84,1
"ANI26360.1",37,0.84,1
"ANI26360.1",38,0.84,1
"ANI26360.1",39,0.84,1
"ANI26360.1",40,0.84,1
"ANI26360.1",41,0.91,1
"ANI26360.1",42,0.91,1
"ANI26360.1",43,0.91,1
"ANI26360.1",44,0.91,1
"ANI26360.1",45,0.91,1
"ANI26360.1",46,0.91,1
"ANI26360.1",47,0.91,1
"ANI26360.1",48,0.91,1
"ANI26360.1",49,0.91,1
"ANI26360.1",50,0.91,1
"ANI26360.1",51,0.91,1
"ANI26360.1",52,0.91,1
"ANI26360.1",53,0.91,1
"ANI26360.1",54,0.91,1
"ANI26360.1",55,0.91,1
"ANI26360.1",56,0.91,1
"ANI26360.1",57,0.85,1
"ANI26360.1",58,0.85,1
"ANI26360.1",59,0.85,1
"ANI26360.1",60,0.85,1
"ANI26360.1",61,0.85,1
"ANI26360.1",62,0.85,1
"ANI26360.1",63,0.85,1
"ANI26360.1",64,0.85,1
"ANI26360.1",65,0.85,1
"ANI26360.1",66,0.85,1
"ANI26360.1",67,0.85,1
"ANI26360.1",68,0.91,1
"ANI26360.1",69,0.91,1
"ANI26360.1",70,0.91,1
"ANI26360.1",71,0.91,1
"ANI26360.1",72,0.91,1
"ANI26360.1",73,0.91,1
"ANI26360.1",74,0.91,1
"ANI26360.1",75,0.91,1
"ANI26360.1",76,0.91,1
"ANI26360.1",77,0.91,1
"ANI26360.1",78,0.91,1
"ANI26360.1",79,0.91,1
"ANI26360.1",80,0.91,1
"ANI26360.1",81,0.91,1
"ANI26360.1",82,0.91,1
"ANI26360.1",83,0.91,1
"ANI26360.1",84,0.82,1
"ANI26360.1",85,0.82,1
"ANI26360.1",86,0.82,1
"ANI26360.1",87,0.82,1
"ANI26360.1",88,0.82,1
"ANI26360.1",89,0.82,1
"ANI26360.1",90,0.82,1
"ANI26360.1",91,0.82,1
"ANI26360.1",92,0.82,1
"ANI26360.1",93,0.82,1
"ANI26360.1",94,0.82,1
"ANI26360.1",95,0.82,1
"ANI26360.1",96,0.82,1
"ANI26360.1",97,0.82,1
"ANI26360.1",98,0.82,1
"ANI26360.1",99,0.95,1
"ANI26360.1",100,0.95,1
"ANI26360.1",101,0.95,1
"ANI26360.1",102,0.95,1
"ANI26360.1",103,0.95,1
"ANI26360.1",104,0.95,1
"ANI26360.1",105,0.95,1
"ANI26360.1",106,0.95,1
"ANI26360.1",107,0.95,1
"ANI26360.1",108,0.95,1
"ANI26360.1",109,0.95,1
"ANI26360.1",110,0.95,1
"ANI26360.1",111,0.95,1
"ANI26360.1",112,0.95,1
"ANI26360.1",113,0.95,1
"ANI26360.1",114,0.95,1
"ANI26360.1",115,0.8,1
"ANI26360.1",116,0.8,1
"ANI26360.1",117,0.8,1
"ANI26360.1",118,0.8,1
"ANI26360.1",119,0.8,1
"ANI26360.1",120,0.8,1
"ANI26360.1",121,0.8,1
"ANI26360.1",122,0.8,1
"ANI26360.1",123,0.57,1
"ANI26360.1",124,0.57,1
"ANI26360.1",125,0.57,1
"ANI26360.1",126,0.57,1
"ANI26360.1",127,0.57,1
"ANI26360.1",128,0.67,1
"ANI26360.1",129,0.67,1
"ANI26360.1",130,0.67,1
"ANI26360.1",131,0.67,1
"ANI26360.1",132,0.67,1
"ANI26360.1",133,0.67,1
"ANI26360.1",134,0.67,1
"ANI26360.1",135,0.67,1
"ANI26360.1",136,0.67,1
"ANI26360.1",137,0.67,1
"ANI26360.1",138,0.67,1
"ANI26360.1",139,0.67,1
"ANI26360.1",140,0.67,1
"ANI26360.1",141,0.67,1
"ANI26360.1",142,0.67,1
"ANI26360.1",143,0.67,1
"ANI26360.1",144,0.78,1
"ANI26360.1",145,0.78,1
"ANI26360.1",146,0.78,1
"ANI26360.1",147,0.78,1
"ANI26360.1",148,0.78,1
"ANI26360.1",149,0.78,1
"ANI26360.1",150,0.78,1
"ANI26360.1",151,0.78,1
"ANI26360.1",152,0.78,1
"ANI26360.1",153,0.78,1
"ANI26360.1",154,0.78,1
"ANI26360.1",155,0.78,1
"ANI26360.1",156,0.78,1
"ANI26360.1",157,0.78,1
"ANI26360.1",158,0.78,1
"ANI26360.1",159,0.8,1
"ANI26360.1",160,0.8,1
"ANI26360.1",161,0.8,1
"ANI26360.1",162,0.8,1
"ANI26360.1",163,0.8,1
"ANI26360.1",164,0.8,1
"ANI26360.1",165,0.8,1
"ANI26360.1",166,0.8,1
"ANI26360.1",167,0.8,1
"ANI26360.1",168,0.8,1
"ANI26360.1",169,0.8,1
"ANI26360.1",170,0.83,1
"ANI26360.1",171,0.83,1
"ANI26360.1",172,0.83,1
"ANI26360.1",173,0.83,1
"ANI26360.1",174,0.83,1
"ANI26360.1",175,0.83,1
"ANI26360.1",176,0.83,1
"ANI26360.1",177,0.83,1
"ANI26360.1",178,0.83,1
"ANI26360.1",179,0.83,1
"ANI26360.1",180,0.83,1
"ANI26360.1",181,0.83,1
"ANI26360.1",182,0.83,1
"ANI26360.1",183,0.83,1
"ANI26360.1",184,0.83,1
"ANI26360.1",185,0.83,1
"ANI26360.1",186,0.77,1
"ANI26360.1",187,0.77,1
"ANI26360.1",188,0.82,1
"ANI26360.1",189,0.82,1
"ANI26360.1",190,0.82,1
"ANI26360.1",191,0.82,1
"ANI26360.1",192,0.82,1
"ANI26360.1",193,0.82,1
"ANI26360.1",194,0.82,1
"ANI26360.1",195,0.82,1
"ANI26360.1",196,0.82,1
"ANI26360.1",197,0.82,1
"ANI26360.1",198,0.82,1
"ANI26360.1",199,0.82,1
"ANI26360.1",200,0.82,1
"ANI26360.1",201,0.87,1
"ANI26360.1",202,0.87,1
"ANI26360.1",203,0.87,1
"ANI26360.1",204,0.87,1
"ANI26360.1",205,0.87,1
"ANI26360.1",206,0.87,1
"ANI26360.1",207,0.87,1
"ANI26360.1",208,0.87,1
"ANI26360.1",209,0.87,1
"ANI26360.1",210,0.87,1
"ANI26360.1",211,0.87,1
"ANI26360.1",212,0.87,1
"ANI26360.1",213,0.87,1
"ANI26360.1",214,0.87,1
"ANI26360.1",215,0.87,1
"ANI26360.1",216,0.87,1
"ANI26360.1",217,0.79,1
"ANI26360.1",218,0.79,1
"ANI26360.1",219,0.79,1
"ANI26360.1",220,0.79,1
"ANI26360.1",221,0.79,1
"ANI26360.1",222,0.79,1
"ANI26360.1",223,0.93,1
"ANI26360.1",224,0.93,1
"ANI26360.1",225,0.93,1
"ANI26360.1",226,0.93,1
"ANI26360.1",227,0.93,1
"ANI26360.1",228,0.93,1
"ANI26360.1",229,0.93,1
"ANI26360.1",230,0.93,1
"ANI26360.1",231,0.93,1
"ANI26360.1",232,0.93,1
"ANI26360.1",233,0.93,1
"ANI26360.1",234,0.93,1
"ANI26360.1",235,0.93,1
"ANI26360.1",236,0.93,1
"ANI26360.1",237,0.93,1
"ANI26360.1",238,0.93,1
"ANI26360.1",239,0.78,1
"ANI26360.1",240,0.78,1
"ANI26360.1",241,0.78,1
"ANI26360.1",242,0.78,1
"ANI26360.1",243,0.78,1
"ANI26360.1",244,0.78,1
"ANI26360.1",245,0.78,1
"ANI26360.1",246,0.78,1
"ANI26360.1",247,0.78,1
"ANI26360.1",248,0.78,1
"ANI26360.1",249,0.78,1
"ANI26360.1",250,0.88,1
"ANI26360.1",251,0.88,1
"ANI26360.1",252,0.88,1
"ANI26360.1",253,0.88,1
"ANI26360.1",254,0.88,1
"ANI26360.1",255,0.88,1
"ANI26360.1",256,0.88,1
"ANI26360.1",257,0.88,1
"ANI26360.1",258,0.88,1
"ANI26360.1",259,0.88,1
"ANI26360.1",260,0.88,1
"ANI26360.1",261,0.88,1
"ANI26360.1",262,0.88,1
"ANI26360.1",263,0.88,1
"ANI26360.1",264,0.88,1
"ANI26360.1",265,0.88,1
"ANI26360.1",266,0.69,1
"ANI26360.1",267,0.69,1
"ANI26360.1",268,0.69,1
"ANI26360.1",269,0.69,1
"ANI26360.1",270,0.69,1
"ANI26360.1",271,0.69,1
"ANI26360.1",272,0.77,1
"ANI26360.1",273,0.77,1
"ANI26360.1",274,0.77,1
"ANI26360.1",275,0.77,1
"ANI26360.1",276,0.77,1
"ANI26360.1",277,0.77,1
"ANI26360.1",278,0.77,1
"ANI26360.1",279,0.77,1
"ANI26360.1",280,0.77,1
"ANI26360.1",281,0.77,1
"ANI26360.1",282,0.77,1
"ANI26360.1",283,0.77,1
"ANI26360.1",284,0.77,1
"ANI26360.1",285,0.77,1
"ANI26360.1",286,0.77,1
"ANI26360.1",287,0.77,1
"ANI26360.1",288,0,-1
"ANI26360.1",289,0.81,1
"ANI26360.1",290,0.81,1
"ANI26360.1",291,0.81,1
"ANI26360.1",292,0.81,1
"ANI26360.1",293,0.81,1
"ANI26360.1",294,0.81,1
"ANI26360.1",295,0.81,1
"ANI26360.1",296,0.81,1
"ANI26360.1",297,0.81,1
"ANI26360.1",298,0.81,1
"ANI26360.1",299,0.81,1
"ANI26360.1",300,0.81,1
"ANI26360.1",301,0.81,1
"ANI26360.1",302,0.81,1
"ANI26360.1",303,0.81,1
"ANI26360.1",304,0.81,1
"ANI26360.1",305,0.6,1
"ANI26360.1",306,0.6,1
"ANI26360.1",307,0.86,1
"ANI26360.1",308,0.86,1
"ANI26360.1",309,0.86,1
"ANI26360.1",310,0.86,1
"ANI26360.1",311,0.86,1
"ANI26360.1",312,0.86,1
"ANI26360.1",313,0.86,1
"ANI26360.1",314,0.86,1
"ANI26360.1",315,0.86,1
"ANI26360.1",316,0.86,1
"ANI26360.1",317,0.86,1
"ANI26360.1",318,0.86,1
"ANI26360.1",319,0.86,1
"ANI26360.1",320,0.86,1
"ANI26360.1",321,0.86,1
"ANI26360.1",322,0.86,1
"ANI26360.1",323,0.83,1
"ANI26360.1",324,0.83,1
"ANI26360.1",325,0.83,1
"ANI26360.1",326,0.83,1
"ANI26360.1",327,0.83,1
"ANI26360.1",328,0.83,1
"ANI26360.1",329,0.83,1
"ANI26360.1",330,0.83,1
"ANI26360.1",331,0.86,1
"ANI26360.1",332,0.86,1
"ANI26360.1",333,0.86,1
"ANI26360.1",334,0.86,1
"ANI26360.1",335,0.86,1
"ANI26360.1",336,0.86,1
"ANI26360.1",337,0.86,1
"ANI26360.1",338,0.86,1
"ANI26360.1",339,0.86,1
"ANI26360.1",340,0.86,1
"ANI26360.1",341,0.86,1
"ANI26360.1",342,0.86,1
"ANI26360.1",343,0.86,1
"ANI26360.1",344,0.86,1
"ANI26360.1",345,0.86,1
"ANI26360.1",346,0.86,1
"ANI26360.1",347,0.54,1
"ANI26360.1",348,0.54,1
"ANI26360.1",349,0.54,1
"ANI26360.1",350,0.54,1
"ANI26360.1",351,0.81,1
"ANI26360.1",352,0.81,1
"ANI26360.1",353,0.81,1
"ANI26360.1",354,0.81,1
"ANI26360.1",355,0.81,1
"ANI26360.1",356,0.81,1
"ANI26360.1",357,0.81,1
"ANI26360.1",358,0.81,1
"ANI26360.1",359,0.81,1
"ANI26360.1",360,0.81,1
"ANI26360.1",361,0.81,1
"ANI26360.1",362,0.81,1
"ANI26360.1",363,0.81,1
"ANI26360.1",364,0.81,1
"ANI26360.1",365,0.81,1
"ANI26360.1",366,0.87,1
"ANI26360.1",367,0.87,1
"ANI26360.1",368,0.87,1
"ANI26360.1",369,0.87,1
"ANI26360.1",370,0.87,1
"ANI26360.1",371,0.87,1
"ANI26360.1",372,0.87,1
"ANI26360.1",373,0.87,1
"ANI26360.1",374,0.87,1
"ANI26360.1",375,0.87,1
"ANI26360.1",376,0.87,1
"ANI26360.1",377,0.87,1
"ANI26360.1",378,0.87,1
"ANI26360.1",379,0.87,1
"ANI26360.1",380,0.89,1
"ANI26360.1",381,0.89,1
"ANI26360.1",382,0.89,1
"ANI26360.1",383,0.89,1
"ANI26360.1",384,0.89,1
"ANI26360.1",385,0.89,1
"ANI26360.1",386,0.89,1
"ANI26360.1",387,0.89,1
"ANI26360.1",388,0.89,1
"ANI26360.1",389,0.89,1
"ANI26360.1",390,0.89,1
"ANI26360.1",391,0.89,1
"ANI26360.1",392,0.89,1
"ANI26360.1",393,0.89,1
"ANI26360.1",394,0.89,1
"ANI26360.1",395,0.89,1
"ANI26360.1",396,0.83,1
"ANI26360.1",397,0.83,1
"ANI26360.1",398,0.87,1
"ANI26360.1",399,0.87,1
"ANI26360.1",400,0.87,1
"ANI26360.1",401,0.87,1
"ANI26360.1",402,0.87,1
"ANI26360.1",403,0.87,1
"ANI26360.1",404,0.87,1
"ANI26360.1",405,0.87,1
"ANI26360.1",406,0.87,1
"ANI26360.1",407,0.87,1
"ANI26360.1",408,0.87,1
"ANI26360.1",409,0.87,1
"ANI26360.1",410,0.87,1
"ANI26360.1",411,0.87,1
"ANI26360.1",412,0.87,1
"ANI26360.1",413,0.87,1
"ANI26360.1",414,0.74,1
"ANI26360.1",415,0.74,1
"ANI26360.1",416,0.74,1
"ANI26360.1",417,0.74,1
"ANI26360.1",418,0.92,1
"ANI26360.1",419,0.92,1
"ANI26360.1",420,0.92,1
"ANI26360.1",421,0.92,1
"ANI26360.1",422,0.92,1
"ANI26360.1",423,0.92,1
"ANI26360.1",424,0.92,1
"ANI26360.1",425,0.92,1
"ANI26360.1",426,0.92,1
"ANI26360.1",427,0.92,1
"ANI26360.1",428,0.92,1
"ANI26360.1",429,0.92,1
"ANI26360.1",430,0.92,1
"ANI26360.1",431,0.92,1
"ANI26360.1",432,0.92,1
"ANI26360.1",433,0.92,1
"ANI26360.1",434,0.73,1
"ANI26360.1",435,0.73,1
"ANI26360.1",436,0.73,1
"ANI26360.1",437,0.73,1
"ANI26360.1",438,0.73,1
"ANI26360.1",439,0.73,1
"ANI26360.1",440,0.73,1
"ANI26360.1",441,0.73,1
"ANI26360.1",442,0.73,1
"ANI26360.1",443,0.95,1
"ANI26360.1",444,0.95,1
"ANI26360.1",445,0.95,1
"ANI26360.1",446,0.95,1
"ANI26360.1",447,0.95,1
"ANI26360.1",448,0.95,1
"ANI26360.1",449,0.95,1
"ANI26360.1",450,0.95,1
"ANI26360.1",451,0.95,1
"ANI26360.1",452,0.95,1
"ANI26360.1",453,0.95,1
"ANI26360.1",454,0.95,1
"ANI26360.1",455,0.95,1
"ANI26360.1",456,0.95,1
"ANI26360.1",457,0.95,1
"ANI26360.1",458,0.95,1
"ANI26360.1",459,0.8,1
"ANI26360.1",460,0.8,1
"ANI26360.1",461,0.81,1
"ANI26360.1",462,0.81,1
"ANI26360.1",463,0.81,1
"ANI26360.1",464,0.81,1
"ANI26360.1",465,0.81,1
"ANI26360.1",466,0.81,1
"ANI26360.1",467,0.81,1
"ANI26360.1",468,0.81,1
"ANI26360.1",469,0.81,1
"ANI26360.1",470,0.81,1
"ANI26360.1",471,0.81,1
"ANI26360.1",472,0.81,1
"ANI26360.1",473,0.9,1
"ANI26360.1",474,0.9,1
"ANI26360.1",475,0.9,1
"ANI26360.1",476,0.9,1
"ANI26360.1",477,0.9,1
"ANI26360.1",478,0.9,1
"ANI26360.1",479,0.9,1
"ANI26360.1",480,0.9,1
"ANI26360.1",481,0.9,1
"ANI26360.1",482,0.9,1
"ANI26360.1",483,0.9,1
"ANI26360.1",484,0.9,1
"ANI26360.1",485,0.9,1
"ANI26360.1",486,0.9,1
"ANI26360.1",487,0.9,1
"ANI26360.1",488,0.9,1
"ANI26360.1",489,0.83,1
"ANI26360.1",490,0.83,1
"ANI26360.1",491,0.83,1
"ANI26360.1",492,0.83,1
"ANI26360.1",493,0.83,1
"ANI26360.1",494,0.83,1
"ANI26360.1",495,0.83,1
"ANI26360.1",496,0.83,1
"ANI26360.1",497,0.83,1
"ANI26360.1",498,0.83,1
"ANI26360.1",499,0.83,1
"ANI26360.1",500,0.83,1
"ANI26360.1",501,0.83,1
"ANI26360.1",502,0.83,1
"ANI26360.1",503,0.82,1
"ANI26360.1",504,0.82,1
"ANI26360.1",505,0.82,1
"ANI26360.1",506,0.82,1
"ANI26360.1",507,0.82,1
"ANI26360.1",508,0.82,1
"ANI26360.1",509,0.82,1
"ANI26360.1",510,0.82,1
"ANI26360.1",511,0.82,1
"ANI26360.1",512,0.82,1
"ANI26360.1",513,0.82,1
"ANI26360.1",514,0.82,1
"ANI26360.1",515,0.82,1
"ANI26360.1",516,0.82,1
"ANI26360.1",517,0.82,1
"ANI26360.1",518,0.82,1
"ANI26360.1",519,0.79,1
"ANI26360.1",520,0.79,1
"ANI26360.1",521,0.79,1
"ANI26360.1",522,0.87,1
"ANI26360.1",523,0.87,1
"ANI26360.1",524,0.87,1
"ANI26360.1",525,0.87,1
"ANI26360.1",526,0.87,1
"ANI26360.1",527,0.87,1
"ANI26360.1",528,0.87,1
"ANI26360.1",529,0.87,1
"ANI26360.1",530,0.87,1
"ANI26360.1",531,0.87,1
"ANI26360.1",532,0.87,1
"ANI26360.1",533,0.87,1
"ANI26360.1",534,0.87,1
"ANI26360.1",535,0.87,1
"ANI26360.1",536,0.87,1
"ANI26360.1",537,0.87,1
"ANI26360.1",538,0.82,1
"ANI26360.1",539,0.82,1
"ANI26360.1",540,0.82,1
"ANI26360.1",541,0.82,1
"ANI26360.1",542,0.82,1
"ANI26360.1",543,0.82,1
"ANI26360.1",544,0.82,1
"ANI26360.1",545,0.82,1
"ANI26360.1",546,0.82,1
"ANI26360.1",547,0.82,1
"ANI26360.1",548,0.82,1
"ANI26360.1",549,0.82,1
"ANI26360.1",550,0.82,1
"ANI26360.1",551,0.82,1
"ANI26360.1",552,0.79,1
"ANI26360.1",553,0.84,1
"ANI26360.1",554,0.84,1
"ANI26360.1",555,0.84,1
"ANI26360.1",556,0.84,1
"ANI26360.1",557,0.84,1
"ANI26360.1",558,0.84,1
"ANI26360.1",559,0.84,1
"ANI26360.1",560,0.84,1
"ANI26360.1",561,0.84,1
"ANI26360.1",562,0.84,1
"ANI26360.1",563,0.84,1
"ANI26360.1",564,0.84,1
"ANI26360.1",565,0.84,1
"ANI26360.1",566,0.84,1
"ANI26360.1",567,0.84,1
"ANI26360.1",568,0.84,1
"ANI26360.1",569,0.66,1
"ANI26360.1",570,0.66,1
"ANI26360.1",571,0.66,1
"ANI26360.1",572,0.76,1
"ANI26360.1",573,0.76,1
"ANI26360.1",574,0.76,1
"ANI26360.1",575,0.76,1
"ANI26360.1",576,0.76,1
"ANI26360.1",577,0.76,1
"ANI26360.1",578,0.76,1
"ANI26360.1",579,0.76,1
"ANI26360.1",580,0.89,1
"ANI26360.1",581,0.89,1
"ANI26360.1",582,0.89,1
"ANI26360.1",583,0.89,1
"ANI26360.1",584,0.89,1
"ANI26360.1",585,0.89,1
"ANI26360.1",586,0.89,1
"ANI26360.1",587,0.89,1
"ANI26360.1",588,0.89,1
"ANI26360.1",589,0.89,1
"ANI26360.1",590,0.89,1
"ANI26360.1",591,0.89,1
"ANI26360.1",592,0.89,1
"ANI26360.1",593,0.89,1
"ANI26360.1",594,0.89,1
"ANI26360.1",595,0.89,1
"ANI26360.1",596,0.87,1
"ANI26360.1",597,0.87,1
"ANI26360.1",598,0.87,1
"ANI26360.1",599,0.87,1
"ANI26360.1",600,0.87,1
"ANI26360.1",601,0.87,1
"ANI26360.1",602,0.87,1
"ANI26360.1",603,0.89,1
"ANI26360.1",604,0.89,1
"ANI26360.1",605,0.89,1
"ANI26360.1",606,0.89,1
"ANI26360.1",607,0.89,1
"ANI26360.1",608,0.89,1
"ANI26360.1",609,0.89,1
"ANI26360.1",610,0.89,1
"ANI26360.1",611,0.89,1
"ANI26360.1",612,0.89,1
"ANI26360.1",613,0.89,1
"ANI26360.1",614,0.89,1
"ANI26360.1",615,0.89,1
"ANI26360.1",616,0.89,1
"ANI26360.1",617,0.89,1
"ANI26360.1",618,0.89,1
"ANI26360.1",619,0.93,1
"ANI26360.1",620,0.93,1
"ANI26360.1",621,0.93,1
"ANI26360.1",622,0.93,1
"ANI26360.1",623,0.93,1
"ANI26360.1",624,0.93,1
"ANI26360.1",625,0.93,1
"ANI26360.1",626,0.93,1
"ANI26360.1",627,0.93,1
"ANI26360.1",628,0.93,1
"ANI26360.1",629,0.93,1
"ANI26360.1",630,0.93,1
"ANI26360.1",631,0.93,1
"ANI26360.1",632,0.93,1
"ANI26360.1",633,0.93,1
"ANI26360.1",634,0.93,1
"ANI26360.1",635,0.93,1
"ANI26360.1",636,0.93,1
"ANI26360.1",637,0.93,1
"ANI26360.1",638,0.93,1
"ANI26360.1",639,0.93,1
"ANI26360.1",640,0.93,1
"ANI26360.1",641,0.93,1
"ANI26360.1",642,0.93,1
"ANI26360.1",643,0.93,1
"ANI26360.1",644,0.93,1
"ANI26360.1",645,0.9,1
"ANI26360.1",646,0.9,1
"ANI26360.1",647,0.9,1
"ANI26360.1",648,0.9,1
"ANI26360.1",649,0.9,1
"ANI26360.1",650,0.9,1
"ANI26360.1",651,0.9,1
"ANI26360.1",652,0.9,1
"ANI26360.1",653,0.9,1
"ANI26360.1",654,0.9,1
"ANI26360.1",655,0.9,1
"ANI26360.1",656,0.9,1
"ANI26360.1",657,0.9,1
"ANI26360.1",658,0.9,1
"ANI26360.1",659,0.83,1
"ANI26360.1",660,0.83,1
"ANI26360.1",661,0.83,1
"ANI26360.1",662,0.83,1
"ANI26360.1",663,0.83,1
"ANI26360.1",664,0.83,1
"ANI26360.1",665,0.83,1
"ANI26360.1",666,0.83,1
"ANI26360.1",667,0.83,1
"ANI26360.1",668,0.83,1
"ANI26360.1",669,0.83,1
"ANI26360.1",670,0.83,1
"ANI26360.1",671,0.92,1
"ANI26360.1",672,0.92,1
"ANI26360.1",673,0.92,1
"ANI26360.1",674,0.92,1
"ANI26360.1",675,0.92,1
"ANI26360.1",676,0.92,1
"ANI26360.1",677,0.92,1
"ANI26360.1",678,0.92,1
"ANI26360.1",679,0.92,1
"ANI26360.1",680,0.92,1
"ANI26360.1",681,0.92,1
"ANI26360.1",682,0.92,1
"ANI26360.1",683,0.92,1
"ANI26360.1",684,0.92,1
"ANI26360.1",685,0.92,1
"ANI26360.1",686,0.92,1
"ANI26360.1",687,0.91,1
"ANI26360.1",688,0.91,1
"ANI26360.1",689,0.91,1
"ANI26360.1",690,0.91,1
"ANI26360.1",691,0.91,1
"ANI26360.1",692,0.91,1
"ANI26360.1",693,0.91,1
"ANI26360.1",694,0.91,1
"ANI26360.1",695,0.91,1
"ANI26360.1",696,0.91,1
"ANI26360.1",697,0.91,1
"ANI26360.1",698,0.91,1
"ANI26360.1",699,0.91,1
"ANI26360.1",700,0.91,1
"ANI26360.1",701,0.91,1
"ANI26360.1",702,0,-1
"ANI26360.1",703,0,-1
"ANI26360.1",704,0.94,1
"ANI26360.1",705,0.94,1
"ANI26360.1",706,0.94,1
"ANI26360.1",707,0.94,1
"ANI26360.1",708,0.94,1
"ANI26360.1",709,0.94,1
"ANI26360.1",710,0.94,1
"ANI26360.1",711,0.94,1
"ANI26360.1",712,0.94,1
"ANI26360.1",713,0.94,1
"ANI26360.1",714,0.94,1
"ANI26360.1",715,0.94,1
"ANI26360.1",716,0.94,1
"ANI26360.1",717,0.94,1
"ANI26360.1",718,0.94,1
"ANI26360.1",719,0.94,1
"ANI26360.1",720,0.94,1
"ANI26360.1",721,0.94,1
"ANI26360.1",722,0.94,1
"ANI26360.1",723,0.94,1
"ANI26360.1",724,0.94,1
"ANI26360.1",725,0.94,1
"ANI26360.1",726,0.94,1
"ANI26360.1",727,0.94,1
"ANI26360.1",728,0.94,1
"ANI26360.1",729,0.94,1
"ANI26360.1",730,0.94,1
"ANI26360.1",731,0.94,1
"ANI26360.1",732,0.94,1
"ANI26360.1",733,0.94,1
"ANI26360.1",734,0.94,1
"ANI26360.1",735,0.94,1
"ANI26360.1",736,0.94,1
"ANI26360.1",737,0.94,1
"ANI26360.1",738,0.94,1
"ANI26360.1",739,0.94,1
"ANI26360.1",740,0.94,1
"ANI26360.1",741,0.94,1
"ANI26360.1",742,0.94,1
"ANI26360.1",743,0.94,1
"ANI26360.1",744,0.94,1
"ANI26360.1",745,0.94,1
"ANI26360.1",746,0.94,1
"ANI26360.1",747,0.94,1
"ANI26360.1",748,0.94,1
"ANI26360.1",749,0.94,1
"ANI26360.1",750,0.94,1
"ANI26360.1",751,0.94,1
"ANI26360.1",752,0.94,1
"ANI26360.1",753,0.94,1
"ANI26360.1",754,0.94,1
"ANI26360.1",755,0.94,1
"ANI26360.1",756,0.94,1
"ANI26360.1",757,0.94,1
"ANI26360.1",758,0.94,1
"ANI26360.1",759,0.94,1
"ANI26360.1",760,0.94,1
"ANI26360.1",761,0.94,1
"ANI26360.1",762,0.94,1
"ANI26360.1",763,0.94,1
"ANI26360.1",764,0.94,1
"ANI26360.1",765,0.94,1
"ANI26360.1",766,0.94,1
"ANI26360.1",767,0.94,1
"ANI26360.1",768,0.94,1
"ANI26360.1",769,0.94,1
"ANI26360.1",770,0.94,1
"ANI26360.1",771,0.94,1
"ANI26360.1",772,0.94,1
"ANI26360.1",773,0.94,1
"ANI26360.1",774,0.94,1
"ANI26360.1",775,0.94,1
"ANI26360.1",776,0.94,1
"ANI26360.1",777,0.94,1
"ANI26360.1",778,0.94,1
"ANI26360.1",779,0.94,1
"ANI26360.1",780,0.94,1
"ANI26360.1",781,0.94,1
"ANI26360.1",782,0.94,1
"ANI26360.1",783,0.94,1
"ANI26360.1",784,0.94,1
"ANI26360.1",785,0.91,1
"ANI26360.1",786,0.91,1
"ANI26360.1",787,0.91,1
"ANI26360.1",788,0.91,1
"ANI26360.1",789,0.91,1
"ANI26360.1",790,0.91,1
"ANI26360.1",791,0.91,1
"ANI26360.1",792,0.91,1
"ANI26360.1",793,0.91,1
"ANI26360.1",794,0.91,1
"ANI26360.1",795,0.91,1
"ANI26360.1",796,0.91,1
"ANI26360.1",797,0.91,1
"ANI26360.1",798,0.91,1
"ANI26360.1",799,0.91,1
"ANI26360.1",800,0.91,1
"ANI26360.1",801,0.91,1
"ANI26360.1",802,0.91,1
"ANI26360.1",803,0.91,1
"ANI26360.1",804,0.91,1
"ANI26360.1",805,0.91,1
"ANI26360.1",806,0.91,1
"ANI26360.1",807,0.91,1
"ANI26360.1",808,0.91,1
"ANI26360.1",809,0.91,1
"ANI26360.1",810,0.91,1
"ANI26360.1",811,0.91,1
"ANI26360.1",812,0.91,1
"ANI26360.1",813,0.91,1
"ANI26360.1",814,0.91,1
"ANI26360.1",815,0.91,1
"ANI26360.1",816,0.91,1
"ANI26360.1",817,0.91,1
"ANI26360.1",818,0.91,1
"ANI26360.1",819,0.91,1
"ANI26360.1",820,0.91,1
"ANI26360.1",821,0.91,1
"ANI26360.1",822,0.91,1
"ANI26360.1",823,0.91,1
"ANI26360.1",824,0.91,1
"ANI26360.1",825,0.85,1
"ANI26360.1",826,0.85,1
"ANI26360.1",827,0.85,1
"ANI26360.1",828,0.85,1
"ANI26360.1",829,0.85,1
"ANI26360.1",830,0.97,1
"ANI26360.1",831,0.97,1
"ANI26360.1",832,0.97,1
"ANI26360.1",833,0.97,1
"ANI26360.1",834,0.97,1
"ANI26360.1",835,0.97,1
"ANI26360.1",836,0.97,1
"ANI26360.1",837,0.97,1
"ANI26360.1",838,0.97,1
"ANI26360.1",839,0.97,1
"ANI26360.1",840,0.97,1
"ANI26360.1",841,0.97,1
"ANI26360.1",842,0.97,1
"ANI26360.1",843,0.97,1
"ANI26360.1",844,0.97,1
"ANI26360.1",845,0.97,1
"ANI26360.1",846,0.86,1
"ANI26360.1",847,0.86,1
"ANI26360.1",848,0.86,1
"ANI26360.1",849,0.86,1
"ANI26360.1",850,0.86,1
"ANI26360.1",851,0.86,1
"ANI26360.1",852,0.86,1
"ANI26360.1",853,0.86,1
"ANI26360.1",854,0.86,1
"ANI26360.1",855,0.86,1
"ANI26360.1",856,0.86,1
"ANI26360.1",857,0.86,1
"ANI26360.1",858,0.86,1
"ANI26360.1",859,0.83,1
"ANI26360.1",860,0.83,1
"ANI26360.1",861,0.83,1
"ANI26360.1",862,0.83,1
"ANI26360.1",863,0.86,1
"ANI26360.1",864,0.86,1
"ANI26360.1",865,0.86,1
"ANI26360.1",866,0.86,1
"ANI26360.1",867,0.86,1
"ANI26360.1",868,0.86,1
"ANI26360.1",869,0.86,1
"ANI26360.1",870,0.86,1
"ANI26360.1",871,0.86,1
"ANI26360.1",872,0.86,1
"ANI26360.1",873,0.86,1
"ANI26360.1",874,0.86,1
"ANI26360.1",875,0.86,1
"ANI26360.1",876,0.86,1
"ANI26360.1",877,0.86,1
"ANI26360.1",878,0.86,1
"ANI26360.1",879,0.59,1
"ANI26360.1",880,0.59,1
"ANI26360.1",881,0.59,1
"ANI26360.1",882,0.59,1
"ANI26360.1",883,0.59,1
"ANI26360.1",884,0.59,1
"ANI26360.1",885,0.86,1
"ANI26360.1",886,0.86,1
"ANI26360.1",887,0.86,1
"ANI26360.1",888,0.86,1
"ANI26360.1",889,0.86,1
"ANI26360.1",890,0.86,1
"ANI26360.1",891,0.88,1
"ANI26360.1",892,0.88,1
"ANI26360.1",893,0.88,1
"ANI26360.1",894,0.88,1
"ANI26360.1",895,0.88,1
"ANI26360.1",896,0.88,1
"ANI26360.1",897,0.88,1
"ANI26360.1",898,0.88,1
"ANI26360.1",899,0.88,1
"ANI26360.1",900,0.88,1
"ANI26360.1",901,0.88,1
"ANI26360.1",902,0.88,1
"ANI26360.1",903,0.88,1
"ANI26360.1",904,0.88,1
"ANI26360.1",905,0.88,1
"ANI26360.1",906,0.88,1
"ANI26360.1",907,0.87,1
"ANI26360.1",908,0.87,1
"ANI26360.1",909,0.87,1
"ANI26360.1",910,0.87,1
"ANI26360.1",911,0.87,1
"ANI26360.1",912,0.87,1
"ANI26360.1",913,0.87,1
"ANI26360.1",914,0.87,1
"ANI26360.1",915,0.87,1
"ANI26360.1",916,0.77,1
"ANI26360.1",917,0.86,1
"ANI26360.1",918,0.86,1
"ANI26360.1",919,0.86,1
"ANI26360.1",920,0.86,1
"ANI26360.1",921,0.86,1
"ANI26360.1",922,0.86,1
"ANI26360.1",923,0.86,1
"ANI26360.1",924,0.86,1
"ANI26360.1",925,0.86,1
"ANI26360.1",926,0.86,1
"ANI26360.1",927,0.86,1
"ANI26360.1",928,0.86,1
"ANI26360.1",929,0.86,1
"ANI26360.1",930,0.86,1
"ANI26360.1",931,0.86,1
"ANI26360.1",932,0.86,1
"ANI26360.1",933,0.86,1
"ANI26360.1",934,0.86,1
"ANI26360.1",935,0.86,1
"ANI26360.1",936,0.86,1
"ANI26360.1",937,0.86,1
"ANI26360.1",938,0.86,1
"ANI26360.1",939,0.86,1
"ANI26360.1",940,0.86,1
"ANI26360.1",941,0.84,1
"ANI26360.1",942,0.84,1
"ANI26360.1",943,0.84,1
"ANI26360.1",944,0.84,1
"ANI26360.1",945,0.89,1
"ANI26360.1",946,0.89,1
"ANI26360.1",947,0.89,1
"ANI26360.1",948,0.89,1
"ANI26360.1",949,0.89,1
"ANI26360.1",950,0.89,1
"ANI26360.1",951,0.89,1
"ANI26360.1",952,0.89,1
"ANI26360.1",953,0.89,1
"ANI26360.1",954,0.89,1
"ANI26360.1",955,0.89,1
"ANI26360.1",956,0.89,1
"ANI26360.1",957,0.89,1
"ANI26360.1",958,0.89,1
"ANI26360.1",959,0.89,1
"ANI26360.1",960,0.89,1
"ANI26360.1",961,0.78,1
"ANI26360.1",962,0.78,1
"ANI26360.1",963,0.78,1
"ANI26360.1",964,0.8,1
"ANI26360.1",965,0.8,1
"ANI26360.1",966,0.8,1
"ANI26360.1",967,0.8,1
"ANI26360.1",968,0.8,1
"ANI26360.1",969,0.8,1
"ANI26360.1",970,0.8,1
"ANI26360.1",971,0.8,1
"ANI26360.1",972,0.8,1
"ANI26360.1",973,0.8,1
"ANI26360.1",974,0.8,1
"ANI26360.1",975,0.8,1
"ANI26360.1",976,0.8,1
"ANI26360.1",977,0.8,1
"ANI26360.1",978,0.8,1
"ANI26360.1",979,0.8,1
"ANI26360.1",980,0.71,1
"ANI26360.1",981,0.71,1
"ANI26360.1",982,0.71,1
"ANI26360.1",983,0.71,1
"ANI26360.1",984,0.71,1
"ANI26360.1",985,0.71,1
"ANI26360.1",986,0.68,1
"ANI26360.1",987,0.68,1
"ANI26360.1",988,0.68,1
"ANI26360.1",989,0.68,1
"ANI26360.1",990,0.68,1
"ANI26360.1",991,0.68,1
"ANI26360.1",992,0.68,1
"ANI26360.1",993,0.66,1
"ANI26360.1",994,0.66,1
"ANI26360.1",995,0.66,1
"ANI26360.1",996,0.66,1
"ANI26360.1",997,0.66,1
"ANI26360.1",998,0.66,1
"ANI26360.1",999,0.66,1
"ANI26360.1",1000,0.66,1
"ANI26360.1",1001,0.66,1
"ANI26360.1",1002,0.66,1
"ANI26360.1",1003,0.66,1
"ANI26360.1",1004,0.66,1
"ANI26401.1",1,0,-1
"ANI26401.1",2,0,-1
"ANI26401.1",3,0,-1
"ANI26401.1",4,0.7,1
"ANI26401.1",5,0.7,1
"ANI26401.1",6,0.7,1
"ANI26401.1",7,0.7,1
"ANI26401.1",8,0.7,1
"ANI26401.1",9,0.7,1
"ANI26401.1",10,0.7,1
"ANI26401.1",11,0.7,1
"ANI26401.1",12,0.7,1
"ANI26401.1",13,0.7,1
"ANI26401.1",14,0.7,1
"ANI26401.1",15,0.79,1
"ANI26401.1",16,0.79,1
"ANI26401.1",17,0.79,1
"ANI26401.1",18,0.79,1
"ANI26401.1",19,0.79,1
"ANI26401.1",20,0.79,1
"ANI26401.1",21,0.79,1
"ANI26401.1",22,0.79,1
"ANI26401.1",23,0.79,1
"ANI26401.1",24,0.79,1
"ANI26401.1",25,0.79,1
"ANI26401.1",26,0.79,1
"ANI26401.1",27,0.79,1
"ANI26401.1",28,0.79,1
"ANI26401.1",29,0.79,1
"ANI26401.1",30,0.79,1
"ANI26401.1",31,0.65,1
"ANI26401.1",32,0.65,1
"ANI26401.1",33,0.83,1
"ANI26401.1",34,0.83,1
"ANI26401.1",35,0.83,1
"ANI26401.1",36,0.83,1
"ANI26401.1",37,0.83,1
"ANI26401.1",38,0.83,1
"ANI26401.1",39,0.83,1
"ANI26401.1",40,0.83,1
"ANI26401.1",41,0.83,1
"ANI26401.1",42,0.83,1
"ANI26401.1",43,0.83,1
"ANI26401.1",44,0.83,1
"ANI26401.1",45,0.83,1
"ANI26401.1",46,0.83,1
"ANI26401.1",47,0.83,1
"ANI26401.1",48,0.83,1
"ANI26401.1",49,0.73,1
"ANI26401.1",50,0.73,1
"ANI26401.1",51,0.83,1
"ANI26401.1",52,0.83,1
"ANI26401.1",53,0.83,1
"ANI26401.1",54,0.83,1
"ANI26401.1",55,0.83,1
"ANI26401.1",56,0.83,1
"ANI26401.1",57,0.83,1
"ANI26401.1",58,0.83,1
"ANI26401.1",59,0.83,1
"ANI26401.1",60,0.83,1
"ANI26401.1",61,0.83,1
"ANI26401.1",62,0.83,1
"ANI26401.1",63,0.83,1
"ANI26401.1",64,0.83,1
"ANI26401.1",65,0.83,1
"ANI26401.1",66,0.83,1
"ANI26401.1",67,0.82,1
"ANI26401.1",68,0.82,1
"ANI26401.1",69,0.82,1
"ANI26401.1",70,0.82,1
"ANI26401.1",71,0.82,1
"ANI26401.1",72,0.82,1
"ANI26401.1",73,0.79,1
"ANI26401.1",74,0.79,1
"ANI26401.1",75,0.79,1
"ANI26401.1",76,0.95,1
"ANI26401.1",77,0.95,1
"ANI26401.1",78,0.95,1
"ANI26401.1",79,0.95,1
"ANI26401.1",80,0.95,1
"ANI26401.1",81,0.95,1
"ANI26401.1",82,0.95,1
"ANI26401.1",83,0.95,1
"ANI26401.1",84,0.95,1
"ANI26401.1",85,0.95,1
"ANI26401.1",86,0.95,1
"ANI26401.1",87,0.95,1
"ANI26401.1",88,0.95,1
"ANI26401.1",89,0.95,1
"ANI26401.1",90,0.95,1
"ANI26401.1",91,0.95,1
"ANI26401.1",92,0.81,1
"ANI26401.1",93,0.81,1
"ANI26401.1",94,0.81,1
"ANI26401.1",95,0.81,1
"ANI26401.1",96,0.81,1
"ANI26401.1",97,0.81,1
"ANI26401.1",98,0.81,1
"ANI26401.1",99,0.81,1
"ANI26401.1",100,0.81,1
"ANI26401.1",101,0.76,1
"ANI26401.1",102,0.76,1
"ANI26401.1",103,0.76,1
"ANI26401.1",104,0.76,1
"ANI26401.1",105,0.76,1
"ANI26401.1",106,0.76,1
"ANI26401.1",107,0.82,1
"ANI26401.1",108,0.82,1
"ANI26401.1",109,0.82,1
"ANI26401.1",110,0.82,1
"ANI26401.1",111,0.82,1
"ANI26401.1",112,0.82,1
"ANI26401.1",113,0.82,1
"ANI26401.1",114,0.82,1
"ANI26401.1",115,0.82,1
"ANI26401.1",116,0.82,1
"ANI26401.1",117,0.82,1
"ANI26401.1",118,0.82,1
"ANI26401.1",119,0.82,1
"ANI26401.1",120,0.82,1
"ANI26401.1",121,0.82,1
"ANI26401.1",122,0.86,1
"ANI26401.1",123,0.86,1
"ANI26401.1",124,0.86,1
"ANI26401.1",125,0.86,1
"ANI26401.1",126,0.86,1
"ANI26401.1",127,0.86,1
"ANI26401.1",128,0.86,1
"ANI26401.1",129,0.86,1
"ANI26401.1",130,0.86,1
"ANI26401.1",131,0.86,1
"ANI26401.1",132,0.86,1
"ANI26401.1",133,0.86,1
"ANI26401.1",134,0.86,1
"ANI26401.1",135,0.86,1
"ANI26401.1",136,0.86,1
"ANI26401.1",137,0.86,1
"ANI26401.1",138,0.69,1
"ANI26401.1",139,0.69,1
"ANI26401.1",140,0.69,1
"ANI26401.1",141,0.69,1
"ANI26401.1",142,0.69,1
"ANI26401.1",143,0.69,1
"ANI26401.1",144,0.69,1
"ANI26401.1",145,0.69,1
"ANI26401.1",146,0.69,1
"ANI26401.1",147,0.69,1
"ANI26401.1",148,0.69,1
"ANI26401.1",149,0.69,1
"ANI26401.1",150,0.75,1
"ANI26401.1",151,0.75,1
"ANI26401.1",152,0.75,1
"ANI26401.1",153,0.75,1
"ANI26401.1",154,0.75,1
"ANI26401.1",155,0.75,1
"ANI26401.1",156,0.75,1
"ANI26401.1",157,0.75,1
"ANI26401.1",158,0.75,1
"ANI26401.1",159,0.75,1
"ANI26401.1",160,0.75,1
"ANI26401.1",161,0.75,1
"ANI26401.1",162,0.75,1
"ANI26401.1",163,0.75,1
"ANI26401.1",164,0.75,1
"ANI26401.1",165,0.75,1
"ANI26401.1",166,0.59,1
"ANI26401.1",167,0.59,1
"ANI26401.1",168,0.59,1
"ANI26401.1",169,0.59,1
"ANI26401.1",170,0.75,1
"ANI26401.1",171,0.75,1
"ANI26401.1",172,0.75,1
"ANI26401.1",173,0.75,1
"ANI26401.1",174,0.75,1
"ANI26401.1",175,0.75,1
"ANI26401.1",176,0.75,1
"ANI26401.1",177,0.75,1
"ANI26401.1",178,0.75,1
"ANI26401.1",179,0.75,1
"ANI26401.1",180,0.75,1
"ANI26401.1",181,0.75,1
"ANI26401.1",182,0.75,1
"ANI26401.1",183,0.75,1
"ANI26401.1",184,0.75,1
"ANI26401.1",185,0.75,1
"ANI26401.1",186,0.91,1
"ANI26401.1",187,0.91,1
"ANI26401.1",188,0.91,1
"ANI26401.1",189,0.91,1
"ANI26401.1",190,0.91,1
"ANI26401.1",191,0.91,1
"ANI26401.1",192,0.91,1
"ANI26401.1",193,0.91,1
"ANI26401.1",194,0.91,1
"ANI26401.1",195,0.91,1
"ANI26401.1",196,0.91,1
"ANI26401.1",197,0.91,1
"ANI26401.1",198,0.91,1
"ANI26401.1",199,0.91,1
"ANI26401.1",200,0.91,1
"ANI26401.1",201,0.91,1
"ANI26401.1",202,0.89,1
"ANI26401.1",203,0.89,1
"ANI26401.1",204,0.89,1
"ANI26401.1",205,0.89,1
"ANI26401.1",206,0.89,1
"ANI26401.1",207,0.89,1
"ANI26401.1",208,0.89,1
"ANI26401.1",209,0.8,1
"ANI26401.1",210,0.8,1
"ANI26401.1",211,0.8,1
"ANI26401.1",212,0.8,1
"ANI26401.1",213,0.8,1
"ANI26401.1",214,0.8,1
"ANI26401.1",215,0.8,1
"ANI26401.1",216,0.8,1
"ANI26401.1",217,0.8,1
"ANI26401.1",218,0.92,1
"ANI26401.1",219,0.92,1
"ANI26401.1",220,0.92,1
"ANI26401.1",221,0.92,1
"ANI26401.1",222,0.92,1
"ANI26401.1",223,0.92,1
"ANI26401.1",224,0.92,1
"ANI26401.1",225,0.92,1
"ANI26401.1",226,0.92,1
"ANI26401.1",227,0.92,1
"ANI26401.1",228,0.92,1
"ANI26401.1",229,0.92,1
"ANI26401.1",230,0.92,1
"ANI26401.1",231,0.92,1
"ANI26401.1",232,0.92,1
"ANI26401.1",233,0.92,1
"ANI26401.1",234,0.78,1
"ANI26401.1",235,0.78,1
"ANI26401.1",236,0.78,1
"ANI26401.1",237,0.78,1
"ANI26401.1",238,0.78,1
"ANI26401.1",239,0.88,1
"ANI26401.1",240,0.88,1
"ANI26401.1",241,0.88,1
"ANI26401.1",242,0.88,1
"ANI26401.1",243,0.88,1
"ANI26401.1",244,0.88,1
"ANI26401.1",245,0.88,1
"ANI26401.1",246,0.88,1
"ANI26401.1",247,0.88,1
"ANI26401.1",248,0.88,1
"ANI26401.1",249,0.88,1
"ANI26401.1",250,0.88,1
"ANI26401.1",251,0.88,1
"ANI26401.1",252,0.88,1
"ANI26401.1",253,0.88,1
"ANI26401.1",254,0.88,1
"ANI26401.1",255,0.83,1
"ANI26401.1",256,0.83,1
"ANI26401.1",257,0.83,1
"ANI26401.1",258,0.83,1
"ANI26401.1",259,0.83,1
"ANI26401.1",260,0.83,1
"ANI26401.1",261,0.83,1
"ANI26401.1",262,0.9,1
"ANI26401.1",263,0.9,1
"ANI26401.1",264,0.9,1
"ANI26401.1",265,0.9,1
"ANI26401.1",266,0.9,1
"ANI26401.1",267,0.9,1
"ANI26401.1",268,0.9,1
"ANI26401.1",269,0.9,1
"ANI26401.1",270,0.9,1
"ANI26401.1",271,0.9,1
"ANI26401.1",272,0.9,1
"ANI26401.1",273,0.9,1
"ANI26401.1",274,0.9,1
"ANI26401.1",275,0.9,1
"ANI26401.1",276,0.9,1
"ANI26401.1",277,0.9,1
"ANI26401.1",278,0.8,1
"ANI26401.1",279,0.8,1
"ANI26401.1",280,0.8,1
"ANI26401.1",281,0.8,1
"ANI26401.1",282,0.8,1
"ANI26401.1",283,0.8,1
"ANI26401.1",284,0.8,1
"ANI26401.1",285,0.8,1
"ANI26401.1",286,0.8,1
"ANI26401.1",287,0.8,1
"ANI26401.1",288,0.78,1
"ANI26401.1",289,0.78,1
"ANI26401.1",290,0.78,1
"ANI26401.1",291,0.78,1
"ANI26401.1",292,0.78,1
"ANI26401.1",293,0.78,1
"ANI26401.1",294,0.78,1
"ANI26401.1",295,0.78,1
"ANI26401.1",296,0.78,1
"ANI26401.1",297,0,-1
"ANI26401.1",298,0,-1
"ANI26401.1",299,0,-1
"ANI26401.1",300,0,-1
"ANI26401.1",301,0,-1
"ANI26401.1",302,0,-1
"ANI26401.1",303,0.9,1
"ANI26401.1",304,0.9,1
"ANI26401.1",305,0.9,1
"ANI26401.1",306,0.9,1
"ANI26401.1",307,0.9,1
"ANI26401.1",308,0.9,1
"ANI26401.1",309,0.9,1
"ANI26401.1",310,0.9,1
"ANI26401.1",311,0.9,1
"ANI26401.1",312,0.9,1
"ANI26401.1",313,0.9,1
"ANI26401.1",314,0.9,1
"ANI26401.1",315,0.9,1
"ANI26401.1",316,0.9,1
"ANI26401.1",317,0.9,1
"ANI26401.1",318,0.9,1
"ANI26401.1",319,0.54,1
"ANI26401.1",320,0.54,1
"ANI26401.1",321,0.54,1
"ANI26401.1",322,0.54,1
"ANI26401.1",323,0.89,1
"ANI26401.1",324,0.89,1
"ANI26401.1",325,0.89,1
"ANI26401.1",326,0.89,1
"ANI26401.1",327,0.89,1
"ANI26401.1",328,0.89,1
"ANI26401.1",329,0.89,1
"ANI26401.1",330,0.89,1
"ANI26401.1",331,0.89,1
"ANI26401.1",332,0.89,1
"ANI26401.1",333,0.89,1
"ANI26401.1",334,0.89,1
"ANI26401.1",335,0.89,1
"ANI26401.1",336,0.89,1
"ANI26401.1",337,0.89,1
"ANI26401.1",338,0.89,1
"ANI26401.1",339,0,-1
"ANI26401.1",340,0,-1
"ANI26401.1",341,0,-1
"ANI26401.1",342,0,-1
"ANI26401.1",343,0,-1
"ANI26401.1",344,0.84,1
"ANI26401.1",345,0.84,1
"ANI26401.1",346,0.84,1
"ANI26401.1",347,0.84,1
"ANI26401.1",348,0.84,1
"ANI26401.1",349,0.84,1
"ANI26401.1",350,0.84,1
"ANI26401.1",351,0.84,1
"ANI26401.1",352,0.84,1
"ANI26401.1",353,0.84,1
"ANI26401.1",354,0.84,1
"ANI26401.1",355,0.84,1
"ANI26401.1",356,0.84,1
"ANI26401.1",357,0.84,1
"ANI26401.1",358,0.84,1
"ANI26401.1",359,0.84,1
"ANI26401.1",360,0.66,1
"ANI26401.1",361,0.66,1
"ANI26401.1",362,0.66,1
"ANI26401.1",363,0.66,1
"ANI26401.1",364,0.78,1
"ANI26401.1",365,0.78,1
"ANI26401.1",366,0.78,1
"ANI26401.1",367,0.78,1
"ANI26401.1",368,0.78,1
"ANI26401.1",369,0.78,1
"ANI26401.1",370,0.78,1
"ANI26401.1",371,0.86,1
"ANI26401.1",372,0.86,1
"ANI26401.1",373,0.86,1
"ANI26401.1",374,0.86,1
"ANI26401.1",375,0.86,1
"ANI26401.1",376,0.86,1
"ANI26401.1",377,0.86,1
"ANI26401.1",378,0.86,1
"ANI26401.1",379,0.86,1
"ANI26401.1",380,0.86,1
"ANI26401.1",381,0.86,1
"ANI26401.1",382,0.86,1
"ANI26401.1",383,0.86,1
"ANI26401.1",384,0.86,1
"ANI26401.1",385,0.86,1
"ANI26401.1",386,0.86,1
"ANI26401.1",387,0.85,1
"ANI26401.1",388,0.85,1
"ANI26401.1",389,0.85,1
"ANI26401.1",390,0.85,1
"ANI26401.1",391,0.85,1
"ANI26401.1",392,0.85,1
"ANI26401.1",393,0.85,1
"ANI26401.1",394,0.85,1
"ANI26401.1",395,0.85,1
"ANI26401.1",396,0.85,1
"ANI26401.1",397,0.85,1
"ANI26401.1",398,0.85,1
"ANI26401.1",399,0.85,1
"ANI26401.1",400,0.85,1
"ANI26401.1",401,0.62,1
"ANI26401.1",402,0.62,1
"ANI26401.1",403,0.78,1
"ANI26401.1",404,0.78,1
"ANI26401.1",405,0.78,1
"ANI26401.1",406,0.78,1
"ANI26401.1",407,0.78,1
"ANI26401.1",408,0.78,1
"ANI26401.1",409,0.91,1
"ANI26401.1",410,0.91,1
"ANI26401.1",411,0.91,1
"ANI26401.1",412,0.91,1
"ANI26401.1",413,0.91,1
"ANI26401.1",414,0.91,1
"ANI26401.1",415,0.91,1
"ANI26401.1",416,0.91,1
"ANI26401.1",417,0.91,1
"ANI26401.1",418,0.91,1
"ANI26401.1",419,0.91,1
"ANI26401.1",420,0.91,1
"ANI26401.1",421,0.91,1
"ANI26401.1",422,0.91,1
"ANI26401.1",423,0.91,1
"ANI26401.1",424,0.91,1
"ANI26401.1",425,0.69,1
"ANI26401.1",426,0.69,1
"ANI26401.1",427,0.69,1
"ANI26401.1",428,0.69,1
"ANI26401.1",429,0.69,1
"ANI26401.1",430,0.69,1
"ANI26401.1",431,0.66,1
"ANI26401.1",432,0.66,1
"ANI26401.1",433,0.66,1
"ANI26401.1",434,0.66,1
"ANI26401.1",435,0.66,1
"ANI26401.1",436,0.86,1
"ANI26401.1",437,0.86,1
"ANI26401.1",438,0.86,1
"ANI26401.1",439,0.86,1
"ANI26401.1",440,0.86,1
"ANI26401.1",441,0.86,1
"ANI26401.1",442,0.86,1
"ANI26401.1",443,0.89,1
"ANI26401.1",444,0.89,1
"ANI26401.1",445,0.89,1
"ANI26401.1",446,0.89,1
"ANI26401.1",447,0.89,1
"ANI26401.1",448,0.89,1
"ANI26401.1",449,0.89,1
"ANI26401.1",450,0.89,1
"ANI26401.1",451,0.89,1
"ANI26401.1",452,0.89,1
"ANI26401.1",453,0.89,1
"ANI26401.1",454,0.89,1
"ANI26401.1",455,0.89,1
"ANI26401.1",456,0.89,1
"ANI26401.1",457,0.89,1
"ANI26401.1",458,0.89,1
"ANI26401.1",459,0.72,1
"ANI26401.1",460,0.72,1
"ANI26401.1",461,0.72,1
"ANI26401.1",462,0.72,1
"ANI26401.1",463,0.72,1
"ANI26401.1",464,0.72,1
"ANI26401.1",465,0,-1
"ANI26401.1",466,0.72,1
"ANI26401.1",467,0.72,1
"ANI26401.1",468,0.72,1
"ANI26401.1",469,0.72,1
"ANI26401.1",470,0.72,1
"ANI26401.1",471,0.72,1
"ANI26401.1",472,0.72,1
"ANI26401.1",473,0.72,1
"ANI26401.1",474,0.72,1
"ANI26401.1",475,0.72,1
"ANI26401.1",476,0.72,1
"ANI26401.1",477,0.72,1
"ANI26401.1",478,0.72,1
"ANI26401.1",479,0.72,1
"ANI26401.1",480,0.72,1
"ANI26401.1",481,0.72,1
"ANI26401.1",482,0,-1
"ANI26401.1",483,0.86,1
"ANI26401.1",484,0.86,1
"ANI26401.1",485,0.86,1
"ANI26401.1",486,0.86,1
"ANI26401.1",487,0.86,1
"ANI26401.1",488,0.86,1
"ANI26401.1",489,0.86,1
"ANI26401.1",490,0.86,1
"ANI26401.1",491,0.86,1
"ANI26401.1",492,0.86,1
"ANI26401.1",493,0.89,1
"ANI26401.1",494,0.89,1
"ANI26401.1",495,0.89,1
"ANI26401.1",496,0.89,1
"ANI26401.1",497,0.89,1
"ANI26401.1",498,0.89,1
"ANI26401.1",499,0.89,1
"ANI26401.1",500,0.89,1
"ANI26401.1",501,0.89,1
"ANI26401.1",502,0.89,1
"ANI26401.1",503,0.89,1
"ANI26401.1",504,0.89,1
"ANI26401.1",505,0.89,1
"ANI26401.1",506,0.89,1
"ANI26401.1",507,0.89,1
"ANI26401.1",508,0.89,1
"ANI26401.1",509,0.61,1
"ANI26401.1",510,0.61,1
"ANI26401.1",511,0.61,1
"ANI26401.1",512,0.61,1
"ANI26401.1",513,0.61,1
"ANI26401.1",514,0.61,1
"ANI26401.1",515,0.6,1
"ANI26401.1",516,0.77,1
"ANI26401.1",517,0.77,1
"ANI26401.1",518,0.77,1
"ANI26401.1",519,0.77,1
"ANI26401.1",520,0.77,1
"ANI26401.1",521,0.77,1
"ANI26401.1",522,0.77,1
"ANI26401.1",523,0.77,1
"ANI26401.1",524,0.77,1
"ANI26401.1",525,0.77,1
"ANI26401.1",526,0.77,1
"ANI26401.1",527,0.77,1
"ANI26401.1",528,0.77,1
"ANI26401.1",529,0.77,1
"ANI26401.1",530,0.77,1
"ANI26401.1",531,0.77,1
"ANI26401.1",532,0.73,1
"ANI26401.1",533,0.73,1
"ANI26401.1",534,0.73,1
"ANI26401.1",535,0.73,1
"ANI26401.1",536,0.73,1
"ANI26401.1",537,0.73,1
"ANI26401.1",538,0.73,1
"ANI26401.1",539,0.73,1
"ANI26401.1",540,0.73,1
"ANI26401.1",541,0.73,1
"ANI26401.1",542,0.54,1
"ANI26401.1",543,0.54,1
"ANI26401.1",544,0.54,1
"ANI26401.1",545,0.54,1
"ANI26401.1",546,0.54,1
"ANI26401.1",547,0.54,1
"ANI26401.1",548,0.54,1
"ANI26401.1",549,0.54,1
"ANI26401.1",550,0.54,1
"ANI26401.1",551,0.54,1
"ANI26401.1",552,0.54,1
"ANI26401.1",553,0.85,1
"ANI26401.1",554,0.85,1
"ANI26401.1",555,0.85,1
"ANI26401.1",556,0.85,1
"ANI26401.1",557,0.85,1
"ANI26401.1",558,0.85,1
"ANI26401.1",559,0.85,1
"ANI26401.1",560,0.85,1
"ANI26401.1",561,0.85,1
"ANI26401.1",562,0.85,1
"ANI26401.1",563,0.85,1
"ANI26401.1",564,0.85,1
"ANI26401.1",565,0.85,1
"ANI26401.1",566,0.85,1
"ANI26401.1",567,0.85,1
"ANI26401.1",568,0.85,1
"ANI26401.1",569,0.68,1
"ANI26401.1",570,0.68,1
"ANI26401.1",571,0.68,1
"ANI26401.1",572,0.68,1
"ANI26401.1",573,0.69,1
"ANI26401.1",574,0.69,1
"ANI26401.1",575,0.69,1
"ANI26401.1",576,0.69,1
"ANI26401.1",577,0.69,1
"ANI26401.1",578,0.69,1
"ANI26401.1",579,0.69,1
"ANI26401.1",580,0.69,1
"ANI26401.1",581,0.69,1
"ANI26401.1",582,0.69,1
"ANI26401.1",583,0.69,1
"ANI26401.1",584,0.69,1
"ANI26401.1",585,0.69,1
"ANI26401.1",586,0.69,1
"ANI26401.1",587,0.69,1
"ANI26401.1",588,0.69,1
"ANI26401.1",589,0,-1
"ANI26401.1",590,0.84,1
"ANI26401.1",591,0.84,1
"ANI26401.1",592,0.84,1
"ANI26401.1",593,0.84,1
"ANI26401.1",594,0.84,1
"ANI26401.1",595,0.84,1
"ANI26401.1",596,0.84,1
"ANI26401.1",597,0.84,1
"ANI26401.1",598,0.84,1
"ANI26401.1",599,0.84,1
"ANI26401.1",600,0.88,1
"ANI26401.1",601,0.88,1
"ANI26401.1",602,0.88,1
"ANI26401.1",603,0.88,1
"ANI26401.1",604,0.88,1
"ANI26401.1",605,0.88,1
"ANI26401.1",606,0.88,1
"ANI26401.1",607,0.88,1
"ANI26401.1",608,0.88,1
"ANI26401.1",609,0.88,1
"ANI26401.1",610,0.88,1
"ANI26401.1",611,0.88,1
"ANI26401.1",612,0.88,1
"ANI26401.1",613,0.88,1
"ANI26401.1",614,0.88,1
"ANI26401.1",615,0.88,1
"ANI26401.1",616,0.84,1
"ANI26401.1",617,0.84,1
"ANI26401.1",618,0.84,1
"ANI26401.1",619,0.84,1
"ANI26401.1",620,0.84,1
"ANI26401.1",621,0.84,1
"ANI26401.1",622,0.84,1
"ANI26401.1",623,0.84,1
"ANI26401.1",624,0.74,1
"ANI26401.1",625,0.74,1
"ANI26401.1",626,0.74,1
"ANI26401.1",627,0.74,1
"ANI26401.1",628,0.74,1
"ANI26401.1",629,0.74,1
"ANI26401.1",630,0.74,1
"ANI26401.1",631,0.74,1
"ANI26401.1",632,0.74,1
"ANI26401.1",633,0.74,1
"ANI26401.1",634,0.74,1
"ANI26401.1",635,0.74,1
"ANI26401.1",636,0.74,1
"ANI26401.1",637,0.74,1
"ANI26401.1",638,0.74,1
"ANI26401.1",639,0.74,1
"ANI26401.1",640,0.55,1
"ANI26401.1",641,0.55,1
"ANI26401.1",642,0.55,1
"ANI26401.1",643,0.55,1
"ANI26401.1",644,0.62,1
"ANI26401.1",645,0.62,1
"ANI26401.1",646,0.62,1
"ANI26401.1",647,0.62,1
"ANI26401.1",648,0.62,1
"ANI26401.1",649,0.62,1
"ANI26401.1",650,0.62,1
"ANI26401.1",651,0.62,1
"ANI26401.1",652,0.62,1
"ANI26401.1",653,0.62,1
"ANI26401.1",654,0.62,1
"ANI26401.1",655,0.62,1
"ANI26401.1",656,0.62,1
"ANI26401.1",657,0.62,1
"ANI26401.1",658,0.62,1
"ANI26401.1",659,0.62,1
"ANI26401.1",660,0,-1
"ANI26401.1",661,0.8,1
"ANI26401.1",662,0.8,1
"ANI26401.1",663,0.8,1
"ANI26401.1",664,0.8,1
"ANI26401.1",665,0.8,1
"ANI26401.1",666,0.8,1
"ANI26401.1",667,0.8,1
"ANI26401.1",668,0.8,1
"ANI26401.1",669,0.8,1
"ANI26401.1",670,0.8,1
"ANI26401.1",671,0.8,1
"ANI26401.1",672,0.8,1
"ANI26401.1",673,0.8,1
"ANI26401.1",674,0.8,1
"ANI26401.1",675,0.8,1
"ANI26401.1",676,0.8,1
"ANI26401.1",677,0.78,1
"ANI26401.1",678,0.78,1
"ANI26401.1",679,0.78,1
"ANI26401.1",680,0.78,1
"ANI26401.1",681,0.78,1
"ANI26401.1",682,0.78,1
"ANI26401.1",683,0.78,1
"ANI26401.1",684,0.78,1
"ANI26401.1",685,0,-1
"ANI26401.1",686,0.72,1
"ANI26401.1",687,0.72,1
"ANI26401.1",688,0.72,1
"ANI26401.1",689,0.72,1
"ANI26401.1",690,0.72,1
"ANI26401.1",691,0.72,1
"ANI26401.1",692,0.72,1
"ANI26401.1",693,0.72,1
"ANI26401.1",694,0.72,1
"ANI26401.1",695,0.72,1
"ANI26401.1",696,0.72,1
"ANI26401.1",697,0.72,1
"ANI26401.1",698,0.72,1
"ANI26401.1",699,0.72,1
"ANI26401.1",700,0.72,1
"ANI26401.1",701,0.72,1
"ANI26401.1",702,0.63,1
"ANI26401.1",703,0.63,1
"ANI26401.1",704,0.63,1
"ANI26401.1",705,0.68,1
"ANI26401.1",706,0.68,1
"ANI26401.1",707,0.68,1
"ANI26401.1",708,0.68,1
"ANI26401.1",709,0.68,1
"ANI26401.1",710,0.68,1
"ANI26401.1",711,0.68,1
"ANI26401.1",712,0.68,1
"ANI26401.1",713,0.68,1
"ANI26401.1",714,0.68,1
"ANI26401.1",715,0.7,1
"ANI26401.1",716,0.7,1
"ANI26401.1",717,0.7,1
"ANI26401.1",718,0.7,1
"ANI26401.1",719,0.7,1
"ANI26401.1",720,0.7,1
"ANI26401.1",721,0.7,1
"ANI26401.1",722,0.7,1
"ANI26401.1",723,0.7,1
"ANI26401.1",724,0.7,1
"ANI26401.1",725,0.7,1
"ANI26401.1",726,0.7,1
"ANI26401.1",727,0.7,1
"ANI26401.1",728,0.8,1
"ANI26401.1",729,0.8,1
"ANI26401.1",730,0.8,1
"ANI26401.1",731,0.8,1
"ANI26401.1",732,0.8,1
"ANI26401.1",733,0.8,1
"ANI26401.1",734,0.8,1
"ANI26401.1",735,0.8,1
"ANI26401.1",736,0.8,1
"ANI26401.1",737,0.8,1
"ANI26401.1",738,0.8,1
"ANI26401.1",739,0.8,1
"ANI26401.1",740,0.8,1
"ANI26401.1",741,0.8,1
"ANI26401.1",742,0.8,1
"ANI26401.1",743,0.8,1
"ANI26401.1",744,0.76,1
"ANI26401.1",745,0.76,1
"ANI26401.1",746,0.76,1
"ANI26401.1",747,0.76,1
"ANI26401.1",748,0.76,1
"ANI26401.1",749,0.76,1
"ANI26401.1",750,0.76,1
"ANI26401.1",751,0.76,1
"ANI26401.1",752,0.76,1
"ANI26401.1",753,0.76,1
"ANI26401.1",754,0.76,1
"ANI26401.1",755,0.76,1
"ANI26401.1",756,0.76,1
"ANI26401.1",757,0.68,1
"ANI26401.1",758,0.68,1
"ANI26401.1",759,0.68,1
"ANI26401.1",760,0.68,1
"ANI26401.1",761,0.68,1
"ANI26401.1",762,0.68,1
"ANI26401.1",763,0.68,1
"ANI26401.1",764,0.68,1
"ANI26401.1",765,0.54,1
"ANI26401.1",766,0.71,1
"ANI26401.1",767,0.71,1
"ANI26401.1",768,0.71,1
"ANI26401.1",769,0.71,1
"ANI26401.1",770,0.71,1
"ANI26401.1",771,0.71,1
"ANI26401.1",772,0.71,1
"ANI26401.1",773,0.71,1
"ANI26401.1",774,0.71,1
"ANI26401.1",775,0.82,1
"ANI26401.1",776,0.82,1
"ANI26401.1",777,0.82,1
"ANI26401.1",778,0.82,1
"ANI26401.1",779,0.82,1
"ANI26401.1",780,0.82,1
"ANI26401.1",781,0.82,1
"ANI26401.1",782,0.82,1
"ANI26401.1",783,0.82,1
"ANI26401.1",784,0.82,1
"ANI26401.1",785,0.82,1
"ANI26401.1",786,0.82,1
"ANI26401.1",787,0.82,1
"ANI26401.1",788,0.82,1
"ANI26401.1",789,0.82,1
"ANI26401.1",790,0.82,1
"ANI26401.1",791,0.69,1
"ANI26401.1",792,0.69,1
"ANI26401.1",793,0.69,1
"ANI26401.1",794,0.69,1
"ANI26401.1",795,0.69,1
"ANI26401.1",796,0.69,1
"ANI26401.1",797,0.69,1
"ANI26401.1",798,0.69,1
"ANI26401.1",799,0.69,1
"ANI26401.1",800,0.61,1
"ANI26401.1",801,0.61,1
"ANI26401.1",802,0.83,1
"ANI26401.1",803,0.83,1
"ANI26401.1",804,0.83,1
"ANI26401.1",805,0.83,1
"ANI26401.1",806,0.83,1
"ANI26401.1",807,0.83,1
"ANI26401.1",808,0.83,1
"ANI26401.1",809,0.83,1
"ANI26401.1",810,0.83,1
"ANI26401.1",811,0.83,1
"ANI26401.1",812,0.83,1
"ANI26401.1",813,0.83,1
"ANI26401.1",814,0.83,1
"ANI26401.1",815,0.83,1
"ANI26401.1",816,0.83,1
"ANI26401.1",817,0.83,1
"ANI26401.1",818,0.78,1
"ANI26401.1",819,0.78,1
"ANI26401.1",820,0.78,1
"ANI26401.1",821,0.78,1
"ANI26401.1",822,0.78,1
"ANI26401.1",823,0.78,1
"ANI26401.1",824,0.78,1
"ANI26401.1",825,0.78,1
"ANI26401.1",826,0.78,1
"ANI26401.1",827,0.74,1
"ANI26401.1",828,0.74,1
"ANI26401.1",829,0.74,1
"ANI26401.1",830,0.74,1
"ANI26401.1",831,0.74,1
"ANI26401.1",832,0.81,1
"ANI26401.1",833,0.81,1
"ANI26401.1",834,0.81,1
"ANI26401.1",835,0.81,1
"ANI26401.1",836,0.81,1
"ANI26401.1",837,0.81,1
"ANI26401.1",838,0.81,1
"ANI26401.1",839,0.89,1
"ANI26401.1",840,0.89,1
"ANI26401.1",841,0.89,1
"ANI26401.1",842,0.89,1
"ANI26401.1",843,0.89,1
"ANI26401.1",844,0.89,1
"ANI26401.1",845,0.89,1
"ANI26401.1",846,0.89,1
"ANI26401.1",847,0.89,1
"ANI26401.1",848,0.89,1
"ANI26401.1",849,0.89,1
"ANI26401.1",850,0.89,1
"ANI26401.1",851,0.89,1
"ANI26401.1",852,0.89,1
"ANI26401.1",853,0.89,1
"ANI26401.1",854,0.89,1
"ANI26401.1",855,0.8,1
"ANI26401.1",856,0.8,1
"ANI26401.1",857,0.8,1
"ANI26401.1",858,0.8,1
"ANI26401.1",859,0.8,1
"ANI26401.1",860,0.8,1
"ANI26401.1",861,0.62,1
"ANI26401.1",862,0.62,1
"ANI26401.1",863,0.62,1
"ANI26401.1",864,0.62,1
"ANI26401.1",865,0.62,1
"ANI26401.1",866,0.62,1
"ANI26401.1",867,0.77,1
"ANI26401.1",868,0.77,1
"ANI26401.1",869,0.77,1
"ANI26401.1",870,0.77,1
"ANI26401.1",871,0.77,1
"ANI26401.1",872,0.77,1
"ANI26401.1",873,0.77,1
"ANI26401.1",874,0.77,1
"ANI26401.1",875,0.77,1
"ANI26401.1",876,0.77,1
"ANI26401.1",877,0.77,1
"ANI26401.1",878,0.77,1
"ANI26401.1",879,0.77,1
"ANI26401.1",880,0.77,1
"ANI26401.1",881,0.93,1
"ANI26401.1",882,0.93,1
"ANI26401.1",883,0.93,1
"ANI26401.1",884,0.93,1
"ANI26401.1",885,0.93,1
"ANI26401.1",886,0.93,1
"ANI26401.1",887,0.93,1
"ANI26401.1",888,0.93,1
"ANI26401.1",889,0.93,1
"ANI26401.1",890,0.93,1
"ANI26401.1",891,0.93,1
"ANI26401.1",892,0.93,1
"ANI26401.1",893,0.93,1
"ANI26401.1",894,0.93,1
"ANI26401.1",895,0.93,1
"ANI26401.1",896,0.93,1
"ANI26401.1",897,0.85,1
"ANI26401.1",898,0.85,1
"ANI26401.1",899,0.85,1
"ANI26401.1",900,0.85,1
"ANI26401.1",901,0.85,1
"ANI26401.1",902,0.85,1
"ANI26401.1",903,0.75,1
"ANI26401.1",904,0.75,1
"ANI26401.1",905,0.75,1
"ANI26401.1",906,0.75,1
"ANI26401.1",907,0.75,1
"ANI26401.1",908,0.75,1
"ANI26401.1",909,0.75,1
"ANI26401.1",910,0.75,1
"ANI26401.1",911,0.75,1
"ANI26401.1",912,0.75,1
"ANI26401.1",913,0.65,1
"ANI26401.1",914,0.65,1
"ANI26401.1",915,0.65,1
"ANI26401.1",916,0.65,1
"ANI26401.1",917,0.65,1
"ANI26401.1",918,0.65,1
"ANI26401.1",919,0.65,1
"ANI26401.1",920,0.63,1
"ANI26401.1",921,0.8,1
"ANI26401.1",922,0.8,1
"ANI26401.1",923,0.8,1
"ANI26401.1",924,0.8,1
"ANI26401.1",925,0.8,1
"ANI26401.1",926,0.8,1
"ANI26401.1",927,0.8,1
"ANI26401.1",928,0.8,1
"ANI26401.1",929,0.8,1
"ANI26401.1",930,0.8,1
"ANI26401.1",931,0.8,1
"ANI26401.1",932,0.8,1
"ANI26401.1",933,0.8,1
"ANI26401.1",934,0.8,1
"ANI26401.1",935,0.8,1
"ANI26401.1",936,0.8,1
"ANI26401.1",937,0.58,1
"ANI26401.1",938,0.8,1
"ANI26401.1",939,0.8,1
"ANI26401.1",940,0.8,1
"ANI26401.1",941,0.8,1
"ANI26401.1",942,0.8,1
"ANI26401.1",943,0.8,1
"ANI26401.1",944,0.83,1
"ANI26401.1",945,0.83,1
"ANI26401.1",946,0.83,1
"ANI26401.1",947,0.83,1
"ANI26401.1",948,0.83,1
"ANI26401.1",949,0.83,1
"ANI26401.1",950,0.89,1
"ANI26401.1",951,0.89,1
"ANI26401.1",952,0.89,1
"ANI26401.1",953,0.89,1
"ANI26401.1",954,0.89,1
"ANI26401.1",955,0.89,1
"ANI26401.1",956,0.89,1
"ANI26401.1",957,0.89,1
"ANI26401.1",958,0.89,1
"ANI26401.1",959,0.89,1
"ANI26401.1",960,0.89,1
"ANI26401.1",961,0.89,1
"ANI26401.1",962,0.89,1
"ANI26401.1",963,0.89,1
"ANI26401.1",964,0.89,1
"ANI26401.1",965,0.89,1
"ANI26401.1",966,0.78,1
"ANI26401.1",967,0.78,1
"ANI26401.1",968,0.78,1
"ANI26401.1",969,0.78,1
"ANI26401.1",970,0.78,1
"ANI26401.1",971,0.78,1
"ANI26401.1",972,0.78,1
"ANI26401.1",973,0.78,1
"ANI26401.1",974,0.71,1
"ANI26401.1",975,0.71,1
"ANI26401.1",976,0.71,1
"ANI26401.1",977,0.71,1
"ANI26401.1",978,0.71,1
"ANI26401.1",979,0.71,1
"ANI26401.1",980,0.71,1
"ANI26401.1",981,0.71,1
"ANI26401.1",982,0.71,1
"ANI26401.1",983,0.71,1
"ANI26401.1",984,0.71,1
"ANI26401.1",985,0.71,1
"ANI26401.1",986,0.71,1
"ANI26401.1",987,0.69,1
"ANI26401.1",988,0.69,1
"ANI26401.1",989,0.69,1
"ANI26401.1",990,0.69,1
"ANI26401.1",991,0.69,1
"ANI26401.1",992,0.69,1
"ANI26401.1",993,0.69,1
"ANI26401.1",994,0.69,1
"ANI26401.1",995,0.69,1
"ANI26401.1",996,0.69,1
"ANI26401.1",997,0.69,1
"ANI26401.1",998,0.69,1
"ANI26401.1",999,0.69,1
"ANI26401.1",1000,0.69,1
"ANI26401.1",1001,0.69,1
"ANI26401.1",1002,0.63,1
"ANI26401.1",1003,0.63,1
"ANI26401.1",1004,0.63,1
"ANI26401.1",1005,0.63,1
"ANI26401.1",1006,0.63,1
"ANI26401.1",1007,0.63,1
"ANI26401.1",1008,0.63,1
"ANI26401.1",1009,0.63,1
"ANI26401.1",1010,0.63,1
"ANI26401.1",1011,0.63,1
"ANI26401.1",1012,0.63,1
"ANI26401.1",1013,0.63,1
"ANI26401.1",1014,0.63,1
"ANI26401.1",1015,0,-1
"AOK88299.1",1,0,-1
"AOK88299.1",2,0,-1
"AOK88299.1",3,0,-1
"AOK88299.1",4,0,-1
"AOK88299.1",5,0,-1
"AOK88299.1",6,0,-1
"AOK88299.1",7,0,-1
"AOK88299.1",8,0,-1
"AOK88299.1",9,0,-1
"AOK88299.1",10,0,-1
"AOK88299.1",11,0,-1
"AOK88299.1",12,0,-1
"AOK88299.1",13,0,-1
"AOK88299.1",14,0,-1
"AOK88299.1",15,0,-1
"AOK88299.1",16,0,-1
"AOK88299.1",17,0.93,1
"AOK88299.1",18,0.93,1
"AOK88299.1",19,0.93,1
"AOK88299.1",20,0.93,1
"AOK88299.1",21,0.93,1
"AOK88299.1",22,0.93,1
"AOK88299.1",23,0.93,1
"AOK88299.1",24,0.93,1
"AOK88299.1",25,0.93,1
"AOK88299.1",26,0.93,1
"AOK88299.1",27,0.93,1
"AOK88299.1",28,0.93,1
"AOK88299.1",29,0.93,1
"AOK88299.1",30,0.93,1
"AOK88299.1",31,0.93,1
"AOK88299.1",32,0.93,1
"AOK88299.1",33,0.9,1
"AOK88299.1",34,0.9,1
"AOK88299.1",35,0.9,1
"AOK88299.1",36,0.9,1
"AOK88299.1",37,0.9,1
"AOK88299.1",38,0.9,1
"AOK88299.1",39,0.9,1
"AOK88299.1",40,0.9,1
"AOK88299.1",41,0.9,1
"AOK88299.1",42,0.9,1
"AOK88299.1",43,0.9,1
"AOK88299.1",44,0.77,1
"AOK88299.1",45,0.77,1
"AOK88299.1",46,0.77,1
"AOK88299.1",47,0.81,1
"AOK88299.1",48,0.81,1
"AOK88299.1",49,0.81,1
"AOK88299.1",50,0.81,1
"AOK88299.1",51,0.81,1
"AOK88299.1",52,0.81,1
"AOK88299.1",53,0.81,1
"AOK88299.1",54,0.81,1
"AOK88299.1",55,0.81,1
"AOK88299.1",56,0.81,1
"AOK88299.1",57,0.81,1
"AOK88299.1",58,0.81,1
"AOK88299.1",59,0.81,1
"AOK88299.1",60,0.81,1
"AOK88299.1",61,0.81,1
"AOK88299.1",62,0.81,1
"AOK88299.1",63,0.77,1
"AOK88299.1",64,0.77,1
"AOK88299.1",65,0.77,1
"AOK88299.1",66,0.77,1
"AOK88299.1",67,0.77,1
"AOK88299.1",68,0.77,1
"AOK88299.1",69,0.77,1
"AOK88299.1",70,0.77,1
"AOK88299.1",71,0.77,1
"AOK88299.1",72,0.77,1
"AOK88299.1",73,0.82,1
"AOK88299.1",74,0.82,1
"AOK88299.1",75,0.82,1
"AOK88299.1",76,0.82,1
"AOK88299.1",77,0.82,1
"AOK88299.1",78,0.82,1
"AOK88299.1",79,0.82,1
"AOK88299.1",80,0.82,1
"AOK88299.1",81,0.82,1
"AOK88299.1",82,0.82,1
"AOK88299.1",83,0.82,1
"AOK88299.1",84,0.82,1
"AOK88299.1",85,0.82,1
"AOK88299.1",86,0.82,1
"AOK88299.1",87,0.82,1
"AOK88299.1",88,0.82,1
"AOK88299.1",89,0.71,1
"AOK88299.1",90,0.71,1
"AOK88299.1",91,0.71,1
"AOK88299.1",92,0.71,1
"AOK88299.1",93,0.71,1
"AOK88299.1",94,0.71,1
"AOK88299.1",95,0.71,1
"AOK88299.1",96,0.71,1
"AOK88299.1",97,0.92,1
"AOK88299.1",98,0.92,1
"AOK88299.1",99,0.92,1
"AOK88299.1",100,0.92,1
"AOK88299.1",101,0.92,1
"AOK88299.1",102,0.92,1
"AOK88299.1",103,0.92,1
"AOK88299.1",104,0.92,1
"AOK88299.1",105,0.92,1
"AOK88299.1",106,0.92,1
"AOK88299.1",107,0.92,1
"AOK88299.1",108,0.92,1
"AOK88299.1",109,0.92,1
"AOK88299.1",110,0.92,1
"AOK88299.1",111,0.92,1
"AOK88299.1",112,0.92,1
"AOK88299.1",113,0.68,1
"AOK88299.1",114,0.68,1
"AOK88299.1",115,0.68,1
"AOK88299.1",116,0.68,1
"AOK88299.1",117,0.68,1
"AOK88299.1",118,0.73,1
"AOK88299.1",119,0.73,1
"AOK88299.1",120,0.73,1
"AOK88299.1",121,0.73,1
"AOK88299.1",122,0.73,1
"AOK88299.1",123,0.73,1
"AOK88299.1",124,0.73,1
"AOK88299.1",125,0.73,1
"AOK88299.1",126,0.73,1
"AOK88299.1",127,0.73,1
"AOK88299.1",128,0.73,1
"AOK88299.1",129,0.73,1
"AOK88299.1",130,0.73,1
"AOK88299.1",131,0.73,1
"AOK88299.1",132,0.73,1
"AOK88299.1",133,0.73,1
"AOK88299.1",134,0.69,1
"AOK88299.1",135,0.69,1
"AOK88299.1",136,0.69,1
"AOK88299.1",137,0.89,1
"AOK88299.1",138,0.89,1
"AOK88299.1",139,0.89,1
"AOK88299.1",140,0.89,1
"AOK88299.1",141,0.89,1
"AOK88299.1",142,0.89,1
"AOK88299.1",143,0.89,1
"AOK88299.1",144,0.89,1
"AOK88299.1",145,0.89,1
"AOK88299.1",146,0.89,1
"AOK88299.1",147,0.89,1
"AOK88299.1",148,0.89,1
"AOK88299.1",149,0.89,1
"AOK88299.1",150,0.89,1
"AOK88299.1",151,0.89,1
"AOK88299.1",152,0.89,1
"AOK88299.1",153,0.76,1
"AOK88299.1",154,0.76,1
"AOK88299.1",155,0.76,1
"AOK88299.1",156,0.76,1
"AOK88299.1",157,0.86,1
"AOK88299.1",158,0.86,1
"AOK88299.1",159,0.86,1
"AOK88299.1",160,0.86,1
"AOK88299.1",161,0.86,1
"AOK88299.1",162,0.86,1
"AOK88299.1",163,0.86,1
"AOK88299.1",164,0.86,1
"AOK88299.1",165,0.86,1
"AOK88299.1",166,0.86,1
"AOK88299.1",167,0.86,1
"AOK88299.1",168,0.86,1
"AOK88299.1",169,0.86,1
"AOK88299.1",170,0.86,1
"AOK88299.1",171,0.86,1
"AOK88299.1",172,0.86,1
"AOK88299.1",173,0.82,1
"AOK88299.1",174,0.82,1
"AOK88299.1",175,0.82,1
"AOK88299.1",176,0.82,1
"AOK88299.1",177,0.82,1
"AOK88299.1",178,0.82,1
"AOK88299.1",179,0.82,1
"AOK88299.1",180,0.82,1
"AOK88299.1",181,0.82,1
"AOK88299.1",182,0.66,1
"AOK88299.1",183,0.66,1
"AOK88299.1",184,0.66,1
"AOK88299.1",185,0.87,1
"AOK88299.1",186,0.87,1
"AOK88299.1",187,0.87,1
"AOK88299.1",188,0.87,1
"AOK88299.1",189,0.87,1
"AOK88299.1",190,0.87,1
"AOK88299.1",191,0.87,1
"AOK88299.1",192,0.87,1
"AOK88299.1",193,0.87,1
"AOK88299.1",194,0.87,1
"AOK88299.1",195,0.87,1
"AOK88299.1",196,0.87,1
"AOK88299.1",197,0.87,1
"AOK88299.1",198,0.87,1
"AOK88299.1",199,0.87,1
"AOK88299.1",200,0.87,1
"AOK88299.1",201,0.86,1
"AOK88299.1",202,0.86,1
"AOK88299.1",203,0.86,1
"AOK88299.1",204,0.86,1
"AOK88299.1",205,0.86,1
"AOK88299.1",206,0.86,1
"AOK88299.1",207,0.86,1
"AOK88299.1",208,0.86,1
"AOK88299.1",209,0.86,1
"AOK88299.1",210,0.86,1
"AOK88299.1",211,0.86,1
"AOK88299.1",212,0.86,1
"AOK88299.1",213,0.86,1
"AOK88299.1",214,0.79,1
"AOK88299.1",215,0.93,1
"AOK88299.1",216,0.93,1
"AOK88299.1",217,0.93,1
"AOK88299.1",218,0.93,1
"AOK88299.1",219,0.93,1
"AOK88299.1",220,0.93,1
"AOK88299.1",221,0.93,1
"AOK88299.1",222,0.93,1
"AOK88299.1",223,0.93,1
"AOK88299.1",224,0.93,1
"AOK88299.1",225,0.93,1
"AOK88299.1",226,0.93,1
"AOK88299.1",227,0.93,1
"AOK88299.1",228,0.93,1
"AOK88299.1",229,0.93,1
"AOK88299.1",230,0.93,1
"AOK88299.1",231,0,-1
"AOK88299.1",232,0.86,1
"AOK88299.1",233,0.86,1
"AOK88299.1",234,0.86,1
"AOK88299.1",235,0.86,1
"AOK88299.1",236,0.86,1
"AOK88299.1",237,0.86,1
"AOK88299.1",238,0.86,1
"AOK88299.1",239,0.86,1
"AOK88299.1",240,0.86,1
"AOK88299.1",241,0.87,1
"AOK88299.1",242,0.87,1
"AOK88299.1",243,0.87,1
"AOK88299.1",244,0.87,1
"AOK88299.1",245,0.87,1
"AOK88299.1",246,0.87,1
"AOK88299.1",247,0.87,1
"AOK88299.1",248,0.87,1
"AOK88299.1",249,0.87,1
"AOK88299.1",250,0.87,1
"AOK88299.1",251,0.87,1
"AOK88299.1",252,0.87,1
"AOK88299.1",253,0.94,1
"AOK88299.1",254,0.94,1
"AOK88299.1",255,0.94,1
"AOK88299.1",256,0.94,1
"AOK88299.1",257,0.94,1
"AOK88299.1",258,0.94,1
"AOK88299.1",259,0.94,1
"AOK88299.1",260,0.94,1
"AOK88299.1",261,0.94,1
"AOK88299.1",262,0.94,1
"AOK88299.1",263,0.94,1
"AOK88299.1",264,0.94,1
"AOK88299.1",265,0.94,1
"AOK88299.1",266,0.94,1
"AOK88299.1",267,0.94,1
"AOK88299.1",268,0.94,1
"AOK88299.1",269,0.76,1
"AOK88299.1",270,0.76,1
"AOK88299.1",271,0.76,1
"AOK88299.1",272,0.76,1
"AOK88299.1",273,0.76,1
"AOK88299.1",274,0.76,1
"AOK88299.1",275,0.76,1
"AOK88299.1",276,0.76,1
"AOK88299.1",277,0.76,1
"AOK88299.1",278,0.76,1
"AOK88299.1",279,0.74,1
"AOK88299.1",280,0.74,1
"AOK88299.1",281,0.74,1
"AOK88299.1",282,0.74,1
"AOK88299.1",283,0.74,1
"AOK88299.1",284,0.76,1
"AOK88299.1",285,0.76,1
"AOK88299.1",286,0.76,1
"AOK88299.1",287,0.76,1
"AOK88299.1",288,0.76,1
"AOK88299.1",289,0.76,1
"AOK88299.1",290,0.76,1
"AOK88299.1",291,0.76,1
"AOK88299.1",292,0.76,1
"AOK88299.1",293,0.76,1
"AOK88299.1",294,0.76,1
"AOK88299.1",295,0.76,1
"AOK88299.1",296,0.76,1
"AOK88299.1",297,0.76,1
"AOK88299.1",298,0.76,1
"AOK88299.1",299,0.76,1
"AOK88299.1",300,0.76,1
"AOK88299.1",301,0.76,1
"AOK88299.1",302,0.76,1
"AOK88299.1",303,0.76,1
"AOK88299.1",304,0.76,1
"AOK88299.1",305,0.76,1
"AOK88299.1",306,0.9,1
"AOK88299.1",307,0.9,1
"AOK88299.1",308,0.9,1
"AOK88299.1",309,0.9,1
"AOK88299.1",310,0.9,1
"AOK88299.1",311,0.9,1
"AOK88299.1",312,0.9,1
"AOK88299.1",313,0.9,1
"AOK88299.1",314,0.9,1
"AOK88299.1",315,0.9,1
"AOK88299.1",316,0.9,1
"AOK88299.1",317,0.9,1
"AOK88299.1",318,0.9,1
"AOK88299.1",319,0.9,1
"AOK88299.1",320,0.9,1
"AOK88299.1",321,0.9,1
"AOK88299.1",322,0.76,1
"AOK88299.1",323,0.93,1
"AOK88299.1",324,0.93,1
"AOK88299.1",325,0.93,1
"AOK88299.1",326,0.93,1
"AOK88299.1",327,0.93,1
"AOK88299.1",328,0.93,1
"AOK88299.1",329,0.93,1
"AOK88299.1",330,0.93,1
"AOK88299.1",331,0.93,1
"AOK88299.1",332,0.93,1
"AOK88299.1",333,0.93,1
"AOK88299.1",334,0.93,1
"AOK88299.1",335,0.93,1
"AOK88299.1",336,0.93,1
"AOK88299.1",337,0.93,1
"AOK88299.1",338,0.93,1
"AOK88299.1",339,0.88,1
"AOK88299.1",340,0.88,1
"AOK88299.1",341,0.88,1
"AOK88299.1",342,0.88,1
"AOK88299.1",343,0.88,1
"AOK88299.1",344,0.88,1
"AOK88299.1",345,0.88,1
"AOK88299.1",346,0.88,1
"AOK88299.1",347,0.88,1
"AOK88299.1",348,0.88,1
"AOK88299.1",349,0.88,1
"AOK88299.1",350,0.88,1
"AOK88299.1",351,0.88,1
"AOK88299.1",352,0.88,1
"AOK88299.1",353,0.88,1
"AOK88299.1",354,0.88,1
"AOK88299.1",355,0.88,1
"AOK88299.1",356,0.88,1
"AOK88299.1",357,0.88,1
"AOK88299.1",358,0.88,1
"AOK88299.1",359,0.88,1
"AOK88299.1",360,0.88,1
"AOK88299.1",361,0.88,1
"AOK88299.1",362,0.88,1
"AOK88299.1",363,0.77,1
"AOK88299.1",364,0.77,1
"AOK88299.1",365,0.84,1
"AOK88299.1",366,0.84,1
"AOK88299.1",367,0.84,1
"AOK88299.1",368,0.84,1
"AOK88299.1",369,0.84,1
"AOK88299.1",370,0.84,1
"AOK88299.1",371,0.84,1
"AOK88299.1",372,0.84,1
"AOK88299.1",373,0.84,1
"AOK88299.1",374,0.9,1
"AOK88299.1",375,0.9,1
"AOK88299.1",376,0.9,1
"AOK88299.1",377,0.9,1
"AOK88299.1",378,0.9,1
"AOK88299.1",379,0.9,1
"AOK88299.1",380,0.9,1
"AOK88299.1",381,0.9,1
"AOK88299.1",382,0.9,1
"AOK88299.1",383,0.9,1
"AOK88299.1",384,0.9,1
"AOK88299.1",385,0.9,1
"AOK88299.1",386,0.9,1
"AOK88299.1",387,0.9,1
"AOK88299.1",388,0.9,1
"AOK88299.1",389,0.9,1
"AOK88299.1",390,0.81,1
"AOK88299.1",391,0.81,1
"AOK88299.1",392,0.81,1
"AOK88299.1",393,0.81,1
"AOK88299.1",394,0.89,1
"AOK88299.1",395,0.89,1
"AOK88299.1",396,0.89,1
"AOK88299.1",397,0.89,1
"AOK88299.1",398,0.89,1
"AOK88299.1",399,0.89,1
"AOK88299.1",400,0.89,1
"AOK88299.1",401,0.89,1
"AOK88299.1",402,0.89,1
"AOK88299.1",403,0.89,1
"AOK88299.1",404,0.89,1
"AOK88299.1",405,0.89,1
"AOK88299.1",406,0.89,1
"AOK88299.1",407,0.89,1
"AOK88299.1",408,0.89,1
"AOK88299.1",409,0.89,1
"AOK88299.1",410,0.82,1
"AOK88299.1",411,0.82,1
"AOK88299.1",412,0.82,1
"AOK88299.1",413,0.82,1
"AOK88299.1",414,0.82,1
"AOK88299.1",415,0.82,1
"AOK88299.1",416,0.82,1
"AOK88299.1",417,0.8,1
"AOK88299.1",418,0.8,1
"AOK88299.1",419,0.8,1
"AOK88299.1",420,0.8,1
"AOK88299.1",421,0.8,1
"AOK88299.1",422,0.8,1
"AOK88299.1",423,0.8,1
"AOK88299.1",424,0.8,1
"AOK88299.1",425,0.8,1
"AOK88299.1",426,0.8,1
"AOK88299.1",427,0.8,1
"AOK88299.1",428,0.8,1
"AOK88299.1",429,0.8,1
"AOK88299.1",430,0.8,1
"AOK88299.1",431,0.83,1
"AOK88299.1",432,0.83,1
"AOK88299.1",433,0.83,1
"AOK88299.1",434,0.83,1
"AOK88299.1",435,0.83,1
"AOK88299.1",436,0.83,1
"AOK88299.1",437,0.83,1
"AOK88299.1",438,0.83,1
"AOK88299.1",439,0.83,1
"AOK88299.1",440,0.89,1
"AOK88299.1",441,0.89,1
"AOK88299.1",442,0.89,1
"AOK88299.1",443,0.89,1
"AOK88299.1",444,0.89,1
"AOK88299.1",445,0.89,1
"AOK88299.1",446,0.89,1
"AOK88299.1",447,0.89,1
"AOK88299.1",448,0.89,1
"AOK88299.1",449,0.89,1
"AOK88299.1",450,0.89,1
"AOK88299.1",451,0.89,1
"AOK88299.1",452,0.89,1
"AOK88299.1",453,0.89,1
"AOK88299.1",454,0.89,1
"AOK88299.1",455,0.89,1
"AOK88299.1",456,0.87,1
"AOK88299.1",457,0.87,1
"AOK88299.1",458,0.87,1
"AOK88299.1",459,0.87,1
"AOK88299.1",460,0.93,1
"AOK88299.1",461,0.93,1
"AOK88299.1",462,0.93,1
"AOK88299.1",463,0.93,1
"AOK88299.1",464,0.93,1
"AOK88299.1",465,0.93,1
"AOK88299.1",466,0.93,1
"AOK88299.1",467,0.93,1
"AOK88299.1",468,0.93,1
"AOK88299.1",469,0.93,1
"AOK88299.1",470,0.93,1
"AOK88299.1",471,0.93,1
"AOK88299.1",472,0.93,1
"AOK88299.1",473,0.93,1
"AOK88299.1",474,0.93,1
"AOK88299.1",475,0.93,1
"AOK88299.1",476,0.88,1
"AOK88299.1",477,0.88,1
"AOK88299.1",478,0.88,1
"AOK88299.1",479,0.88,1
"AOK88299.1",480,0.88,1
"AOK88299.1",481,0.88,1
"AOK88299.1",482,0.88,1
"AOK88299.1",483,0.88,1
"AOK88299.1",484,0.88,1
"AOK88299.1",485,0.88,1
"AOK88299.1",486,0.88,1
"AOK88299.1",487,0.88,1
"AOK88299.1",488,0.86,1
"AOK88299.1",489,0.86,1
"AOK88299.1",490,0.86,1
"AOK88299.1",491,0.86,1
"AOK88299.1",492,0.86,1
"AOK88299.1",493,0.86,1
"AOK88299.1",494,0.86,1
"AOK88299.1",495,0.86,1
"AOK88299.1",496,0.86,1
"AOK88299.1",497,0.86,1
"AOK88299.1",498,0.86,1
"AOK88299.1",499,0.86,1
"AOK88299.1",500,0.86,1
"AOK88299.1",501,0.86,1
"AOK88299.1",502,0.86,1
"AOK88299.1",503,0.86,1
"AOK88299.1",504,0.86,1
"AOK88299.1",505,0.86,1
"AOK88299.1",506,0.86,1
"AOK88299.1",507,0.86,1
"AOK88299.1",508,0.84,1
"AOK88299.1",509,0.91,1
"AOK88299.1",510,0.91,1
"AOK88299.1",511,0.91,1
"AOK88299.1",512,0.91,1
"AOK88299.1",513,0.91,1
"AOK88299.1",514,0.91,1
"AOK88299.1",515,0.91,1
"AOK88299.1",516,0.91,1
"AOK88299.1",517,0.91,1
"AOK88299.1",518,0.91,1
"AOK88299.1",519,0.91,1
"AOK88299.1",520,0.91,1
"AOK88299.1",521,0.91,1
"AOK88299.1",522,0.91,1
"AOK88299.1",523,0.91,1
"AOK88299.1",524,0.91,1
"AOK88299.1",525,0.91,1
"AOK88299.1",526,0.91,1
"AOK88299.1",527,0.91,1
"AOK88299.1",528,0.91,1
"AOK88299.1",529,0.91,1
"AOK88299.1",530,0.91,1
"AOK88299.1",531,0.91,1
"AOK88299.1",532,0.91,1
"AOK88299.1",533,0.91,1
"AOK88299.1",534,0.91,1
"AOK88299.1",535,0.91,1
"AOK88299.1",536,0.91,1
"AOK88299.1",537,0.91,1
"AOK88299.1",538,0.91,1
"AOK88299.1",539,0.91,1
"AOK88299.1",540,0.91,1
"AOK88299.1",541,0.91,1
"AOK88299.1",542,0.91,1
"AOK88299.1",543,0.91,1
"AOK88299.1",544,0.91,1
"AOK88299.1",545,0.91,1
"AOK88299.1",546,0.91,1
"AOK88299.1",547,0.91,1
"AOK88299.1",548,0.91,1
"AOK88299.1",549,0.91,1
"AOK88299.1",550,0.91,1
"AOK88299.1",551,0.91,1
"AOK88299.1",552,0.91,1
"AOK88299.1",553,0.83,1
"AOK88299.1",554,0.83,1
"AOK88299.1",555,0.83,1
"AOK88299.1",556,0.83,1
"AOK88299.1",557,0.83,1
"AOK88299.1",558,0.91,1
"AOK88299.1",559,0.91,1
"AOK88299.1",560,0.91,1
"AOK88299.1",561,0.91,1
"AOK88299.1",562,0.91,1
"AOK88299.1",563,0.91,1
"AOK88299.1",564,0.91,1
"AOK88299.1",565,0.91,1
"AOK88299.1",566,0.91,1
"AOK88299.1",567,0.91,1
"AOK88299.1",568,0.91,1
"AOK88299.1",569,0.91,1
"AOK88299.1",570,0.91,1
"AOK88299.1",571,0.91,1
"AOK88299.1",572,0.91,1
"AOK88299.1",573,0.91,1
"AOK88299.1",574,0.83,1
"AOK88299.1",575,0.83,1
"AOK88299.1",576,0.83,1
"AOK88299.1",577,0.83,1
"AOK88299.1",578,0.83,1
"AOK88299.1",579,0.91,1
"AOK88299.1",580,0.91,1
"AOK88299.1",581,0.91,1
"AOK88299.1",582,0.91,1
"AOK88299.1",583,0.91,1
"AOK88299.1",584,0.91,1
"AOK88299.1",585,0.91,1
"AOK88299.1",586,0.91,1
"AOK88299.1",587,0.91,1
"AOK88299.1",588,0.91,1
"AOK88299.1",589,0.91,1
"AOK88299.1",590,0.91,1
"AOK88299.1",591,0.91,1
"AOK88299.1",592,0.91,1
"AOK88299.1",593,0.91,1
"AOK88299.1",594,0.91,1
"AOK88299.1",595,0.83,1
"AOK88299.1",596,0.83,1
"AOK88299.1",597,0.83,1
"AOK88299.1",598,0.83,1
"AOK88299.1",599,0.83,1
"AOK88299.1",600,0.91,1
"AOK88299.1",601,0.91,1
"AOK88299.1",602,0.91,1
"AOK88299.1",603,0.91,1
"AOK88299.1",604,0.91,1
"AOK88299.1",605,0.91,1
"AOK88299.1",606,0.91,1
"AOK88299.1",607,0.91,1
"AOK88299.1",608,0.91,1
"AOK88299.1",609,0.91,1
"AOK88299.1",610,0.91,1
"AOK88299.1",611,0.91,1
"AOK88299.1",612,0.91,1
"AOK88299.1",613,0.91,1
"AOK88299.1",614,0.91,1
"AOK88299.1",615,0.91,1
"AOK88299.1",616,0.8,1
"AOK88299.1",617,0.8,1
"AOK88299.1",618,0.8,1
"AOK88299.1",619,0.8,1
"AOK88299.1",620,0.8,1
"AOK88299.1",621,0.8,1
"AOK88299.1",622,0.79,1
"AOK88299.1",623,0.79,1
"AOK88299.1",624,0.79,1
"AOK88299.1",625,0.79,1
"AOK88299.1",626,0.79,1
"AOK88299.1",627,0.79,1
"AOK88299.1",628,0.79,1
"AOK88299.1",629,0.79,1
"AOK88299.1",630,0.79,1
"AOK88299.1",631,0.91,1
"AOK88299.1",632,0.91,1
"AOK88299.1",633,0.91,1
"AOK88299.1",634,0.91,1
"AOK88299.1",635,0.91,1
"AOK88299.1",636,0.91,1
"AOK88299.1",637,0.91,1
"AOK88299.1",638,0.91,1
"AOK88299.1",639,0.91,1
"AOK88299.1",640,0.91,1
"AOK88299.1",641,0.91,1
"AOK88299.1",642,0.91,1
"AOK88299.1",643,0.91,1
"AOK88299.1",644,0.91,1
"AOK88299.1",645,0.91,1
"AOK88299.1",646,0.91,1
"AOK88299.1",647,0.68,1
"AOK88299.1",648,0.68,1
"AOK88299.1",649,0.68,1
"AOK88299.1",650,0.68,1
"AOK88299.1",651,0.68,1
"AOK88299.1",652,0.68,1
"AOK88299.1",653,0.67,1
"AOK88299.1",654,0.79,1
"AOK88299.1",655,0.79,1
"AOK88299.1",656,0.79,1
"AOK88299.1",657,0.79,1
"AOK88299.1",658,0.79,1
"AOK88299.1",659,0.79,1
"AOK88299.1",660,0.81,1
"AOK88299.1",661,0.81,1
"AOK88299.1",662,0.81,1
"AOK88299.1",663,0.81,1
"AOK88299.1",664,0.81,1
"AOK88299.1",665,0.81,1
"AOK88299.1",666,0.81,1
"AOK88299.1",667,0.81,1
"AOK88299.1",668,0.81,1
"AOK88299.1",669,0.95,1
"AOK88299.1",670,0.95,1
"AOK88299.1",671,0.95,1
"AOK88299.1",672,0.95,1
"AOK88299.1",673,0.95,1
"AOK88299.1",674,0.95,1
"AOK88299.1",675,0.95,1
"AOK88299.1",676,0.95,1
"AOK88299.1",677,0.95,1
"AOK88299.1",678,0.95,1
"AOK88299.1",679,0.95,1
"AOK88299.1",680,0.95,1
"AOK88299.1",681,0.95,1
"AOK88299.1",682,0.95,1
"AOK88299.1",683,0.95,1
"AOK88299.1",684,0.95,1
"AOK88299.1",685,0.9,1
"AOK88299.1",686,0.9,1
"AOK88299.1",687,0.9,1
"AOK88299.1",688,0.9,1
"AOK88299.1",689,0.9,1
"AOK88299.1",690,0.9,1
"AOK88299.1",691,0.9,1
"AOK88299.1",692,0.9,1
"AOK88299.1",693,0.9,1
"AOK88299.1",694,0.85,1
"AOK88299.1",695,0.85,1
"AOK88299.1",696,0.85,1
"AOK88299.1",697,0.85,1
"AOK88299.1",698,0.85,1
"AOK88299.1",699,0.85,1
"AOK88299.1",700,0.85,1
"AOK88299.1",701,0.85,1
"AOK88299.1",702,0.85,1
"AOK88299.1",703,0.85,1
"AOK88299.1",704,0.85,1
"AOK88299.1",705,0.85,1
"AOK88299.1",706,0.85,1
"AOK88299.1",707,0.85,1
"AOK88299.1",708,0.82,1
"AOK88299.1",709,0.82,1
"AOK88299.1",710,0.82,1
"AOK88299.1",711,0.82,1
"AOK88299.1",712,0.82,1
"AOK88299.1",713,0.95,1
"AOK88299.1",714,0.95,1
"AOK88299.1",715,0.95,1
"AOK88299.1",716,0.95,1
"AOK88299.1",717,0.95,1
"AOK88299.1",718,0.95,1
"AOK88299.1",719,0.95,1
"AOK88299.1",720,0.95,1
"AOK88299.1",721,0.95,1
"AOK88299.1",722,0.95,1
"AOK88299.1",723,0.95,1
"AOK88299.1",724,0.95,1
"AOK88299.1",725,0.95,1
"AOK88299.1",726,0.95,1
"AOK88299.1",727,0.95,1
"AOK88299.1",728,0.95,1
"AOK88299.1",729,0.85,1
"AOK88299.1",730,0.85,1
"AOK88299.1",731,0.85,1
"AOK88299.1",732,0.85,1
"AOK88299.1",733,0.85,1
"AOK88299.1",734,0.85,1
"AOK88299.1",735,0.85,1
"AOK88299.1",736,0.88,1
"AOK88299.1",737,0.88,1
"AOK88299.1",738,0.88,1
"AOK88299.1",739,0.88,1
"AOK88299.1",740,0.88,1
"AOK88299.1",741,0.88,1
"AOK88299.1",742,0.88,1
"AOK88299.1",743,0.9,1
"AOK88299.1",744,0.9,1
"AOK88299.1",745,0.9,1
"AOK88299.1",746,0.9,1
"AOK88299.1",747,0.9,1
"AOK88299.1",748,0.9,1
"AOK88299.1",749,0.9,1
"AOK88299.1",750,0.9,1
"AOK88299.1",751,0.9,1
"AOK88299.1",752,0.9,1
"AOK88299.1",753,0.9,1
"AOK88299.1",754,0.9,1
"AOK88299.1",755,0.9,1
"AOK88299.1",756,0.9,1
"AOK88299.1",757,0.9,1
"AOK88299.1",758,0.9,1
"AOK88299.1",759,0.85,1
"AOK88299.1",760,0.85,1
"AOK88299.1",761,0.85,1
"AOK88299.1",762,0.85,1
"AOK88299.1",763,0.85,1
"AOK88299.1",764,0.85,1
"AOK88299.1",765,0.85,1
"AOK88299.1",766,0.85,1
"AOK88299.1",767,0.85,1
"AOK88299.1",768,0.88,1
"AOK88299.1",769,0.88,1
"AOK88299.1",770,0.88,1
"AOK88299.1",771,0.88,1
"AOK88299.1",772,0.88,1
"AOK88299.1",773,0.88,1
"AOK88299.1",774,0.88,1
"AOK88299.1",775,0.88,1
"AOK88299.1",776,0.88,1
"AOK88299.1",777,0.88,1
"AOK88299.1",778,0.88,1
"AOK88299.1",779,0.88,1
"AOK88299.1",780,0.88,1
"AOK88299.1",781,0.88,1
"AOK88299.1",782,0.88,1
"AOK88299.1",783,0.88,1
"AOK88299.1",784,0.87,1
"AOK88299.1",785,0.87,1
"AOK88299.1",786,0.87,1
"AOK88299.1",787,0.87,1
"AOK88299.1",788,0.87,1
"AOK88299.1",789,0.87,1
"AOK88299.1",790,0.87,1
"AOK88299.1",791,0.87,1
"AOK88299.1",792,0.87,1
"AOK88299.1",793,0.93,1
"AOK88299.1",794,0.93,1
"AOK88299.1",795,0.93,1
"AOK88299.1",796,0.93,1
"AOK88299.1",797,0.93,1
"AOK88299.1",798,0.93,1
"AOK88299.1",799,0.93,1
"AOK88299.1",800,0.93,1
"AOK88299.1",801,0.96,1
"AOK88299.1",802,0.96,1
"AOK88299.1",803,0.96,1
"AOK88299.1",804,0.96,1
"AOK88299.1",805,0.96,1
"AOK88299.1",806,0.96,1
"AOK88299.1",807,0.96,1
"AOK88299.1",808,0.96,1
"AOK88299.1",809,0.96,1
"AOK88299.1",810,0.96,1
"AOK88299.1",811,0.96,1
"AOK88299.1",812,0.96,1
"AOK88299.1",813,0.96,1
"AOK88299.1",814,0.96,1
"AOK88299.1",815,0.96,1
"AOK88299.1",816,0.96,1
"AOK88299.1",817,0.82,1
"AOK88299.1",818,0.82,1
"AOK88299.1",819,0.82,1
"AOK88299.1",820,0.82,1
"AOK88299.1",821,0.86,1
"AOK88299.1",822,0.86,1
"AOK88299.1",823,0.86,1
"AOK88299.1",824,0.86,1
"AOK88299.1",825,0.86,1
"AOK88299.1",826,0.86,1
"AOK88299.1",827,0.86,1
"AOK88299.1",828,0.86,1
"AOK88299.1",829,0.86,1
"AOK88299.1",830,0.86,1
"AOK88299.1",831,0.86,1
"AOK88299.1",832,0.86,1
"AOK88299.1",833,0.86,1
"AOK88299.1",834,0.86,1
"AOK88299.1",835,0.86,1
"AOK88299.1",836,0.86,1
"AOK88299.1",837,0.82,1
"AOK88299.1",838,0.82,1
"AOK88299.1",839,0.82,1
"AOK88299.1",840,0.82,1
"AOK88299.1",841,0.82,1
"AOK88299.1",842,0.82,1
"AOK88299.1",843,0.82,1
"AOK88299.1",844,0.82,1
"AOK88299.1",845,0.82,1
"AOK88299.1",846,0.82,1
"AOK88299.1",847,0.79,1
"AOK88299.1",848,0.79,1
"AOK88299.1",849,0.79,1
"AOK88299.1",850,0.79,1
"AOK88299.1",851,0.79,1
"AOK88299.1",852,0.79,1
"AOK88299.1",853,0.79,1
"AOK88299.1",854,0.79,1
"AOK88299.1",855,0.79,1
"AOK88299.1",856,0.79,1
"AOK88299.1",857,0.79,1
"AOK88299.1",858,0.79,1
"AOK88299.1",859,0.68,1
"AOK88299.1",860,0.68,1
"AOK88299.1",861,0.68,1
"AOK88299.1",862,0.68,1
"AOK88299.1",863,0.68,1
"AOK88299.1",864,0.68,1
"AOK88299.1",865,0.68,1
"AOK88299.1",866,0.68,1
"AOK88299.1",867,0.6,1
"AOK88299.1",868,0.6,1
"AOK88299.1",869,0.6,1
"AOK88299.1",870,0.6,1
"AOK88299.1",871,0.6,1
"AOK88299.1",872,0.6,1
"AOK88299.1",873,0.47,1
"AOK88299.1",874,0.47,1
"AOK88299.1",875,0.47,1
"AOK88299.1",876,0.91,1
"AOK88299.1",877,0.91,1
"AOK88299.1",878,0.91,1
"AOK88299.1",879,0.91,1
"AOK88299.1",880,0.91,1
"AOK88299.1",881,0.91,1
"AOK88299.1",882,0.91,1
"AOK88299.1",883,0.91,1
"AOK88299.1",884,0.91,1
"AOK88299.1",885,0.91,1
"AOK88299.1",886,0.91,1
"AOK88299.1",887,0.91,1
"AOK88299.1",888,0.91,1
"AOK88299.1",889,0.91,1
"AOK88299.1",890,0.91,1
"AOK88299.1",891,0.91,1
"AOK88299.1",892,0.89,1
"AOK88299.1",893,0.89,1
"AOK88299.1",894,0.89,1
"AOK88299.1",895,0.89,1
"AOK88299.1",896,0.89,1
"AOK88299.1",897,0.89,1
"AOK88299.1",898,0.89,1
"AOK88299.1",899,0.89,1
"AOK88299.1",900,0.89,1
"AOK88299.1",901,0.89,1
"AOK88299.1",902,0.89,1
"AOK88299.1",903,0.89,1
"AOK88299.1",904,0.89,1
"AOK88299.1",905,0.89,1
"AOK88299.1",906,0.89,1
"AOK88299.1",907,0.89,1
"P14348.1",1,0,-1
"P14348.1",2,0,-1
"P14348.1",3,0,-1
"P14348.1",4,0,-1
"P14348.1",5,0,-1
"P14348.1",6,0,-1
"P14348.1",7,0.91,1
"P14348.1",8,0.91,1
"P14348.1",9,0.91,1
"P14348.1",10,0.91,1
"P14348.1",11,0.91,1
"P14348.1",12,0.91,1
"P14348.1",13,0.91,1
"P14348.1",14,0.91,1
"P14348.1",15,0.91,1
"P14348.1",16,0.91,1
"P14348.1",17,0.91,1
"P14348.1",18,0.91,1
"P14348.1",19,0.91,1
"P14348.1",20,0.91,1
"P14348.1",21,0.91,1
"P14348.1",22,0.91,1
"P14348.1",23,0.67,1
"P14348.1",24,0.67,1
"P14348.1",25,0.67,1
"P14348.1",26,0.67,1
"P14348.1",27,0.67,1
"P14348.1",28,0.67,1
"P14348.1",29,0.62,1
"P14348.1",30,0.62,1
"P14348.1",31,0.62,1
"P14348.1",32,0.62,1
"P14348.1",33,0.62,1
"P14348.1",34,0.62,1
"P14348.1",35,0.52,1
"P14348.1",36,0.52,1
"P14348.1",37,0.52,1
"P14348.1",38,0.79,1
"P14348.1",39,0.79,1
"P14348.1",40,0.79,1
"P14348.1",41,0.79,1
"P14348.1",42,0.79,1
"P14348.1",43,0.79,1
"P14348.1",44,0.79,1
"P14348.1",45,0.79,1
"P14348.1",46,0.79,1
"P14348.1",47,0.79,1
"P14348.1",48,0.79,1
"P14348.1",49,0.79,1
"P14348.1",50,0.79,1
"P14348.1",51,0.79,1
"P14348.1",52,0.79,1
"P14348.1",53,0.79,1
"P14348.1",54,0.86,1
"P14348.1",55,0.86,1
"P14348.1",56,0.86,1
"P14348.1",57,0.86,1
"P14348.1",58,0.86,1
"P14348.1",59,0.86,1
"P14348.1",60,0.86,1
"P14348.1",61,0.86,1
"P14348.1",62,0.86,1
"P14348.1",63,0.86,1
"P14348.1",64,0.86,1
"P14348.1",65,0.86,1
"P14348.1",66,0.86,1
"P14348.1",67,0.86,1
"P14348.1",68,0.86,1
"P14348.1",69,0.86,1
"P14348.1",70,0.72,1
"P14348.1",71,0.72,1
"P14348.1",72,0.72,1
"P14348.1",73,0.72,1
"P14348.1",74,0.72,1
"P14348.1",75,0.72,1
"P14348.1",76,0.72,1
"P14348.1",77,0.72,1
"P14348.1",78,0.7,1
"P14348.1",79,0.7,1
"P14348.1",80,0.7,1
"P14348.1",81,0.7,1
"P14348.1",82,0.7,1
"P14348.1",83,0.88,1
"P14348.1",84,0.88,1
"P14348.1",85,0.88,1
"P14348.1",86,0.88,1
"P14348.1",87,0.88,1
"P14348.1",88,0.88,1
"P14348.1",89,0.88,1
"P14348.1",90,0.88,1
"P14348.1",91,0.88,1
"P14348.1",92,0.88,1
"P14348.1",93,0.88,1
"P14348.1",94,0.88,1
"P14348.1",95,0.88,1
"P14348.1",96,0.88,1
"P14348.1",97,0.88,1
"P14348.1",98,0.88,1
"P14348.1",99,0.82,1
"P14348.1",100,0.82,1
"P14348.1",101,0.82,1
"P14348.1",102,0.82,1
"P14348.1",103,0.82,1
"P14348.1",104,0.82,1
"P14348.1",105,0.66,1
"P14348.1",106,0.84,1
"P14348.1",107,0.84,1
"P14348.1",108,0.84,1
"P14348.1",109,0.84,1
"P14348.1",110,0.84,1
"P14348.1",111,0.84,1
"P14348.1",112,0.84,1
"P14348.1",113,0.84,1
"P14348.1",114,0.84,1
"P14348.1",115,0.84,1
"P14348.1",116,0.84,1
"P14348.1",117,0.84,1
"P14348.1",118,0.84,1
"P14348.1",119,0.84,1
"P14348.1",120,0.84,1
"P14348.1",121,0.84,1
"P14348.1",122,0.72,1
"P14348.1",123,0.72,1
"P14348.1",124,0.72,1
"P14348.1",125,0.72,1
"P14348.1",126,0.72,1
"P14348.1",127,0.72,1
"P14348.1",128,0.66,1
"P14348.1",129,0.66,1
"P14348.1",130,0.66,1
"P14348.1",131,0.85,1
"P14348.1",132,0.85,1
"P14348.1",133,0.85,1
"P14348.1",134,0.85,1
"P14348.1",135,0.85,1
"P14348.1",136,0.85,1
"P14348.1",137,0.85,1
"P14348.1",138,0.85,1
"P14348.1",139,0.85,1
"P14348.1",140,0.85,1
"P14348.1",141,0.85,1
"P14348.1",142,0.85,1
"P14348.1",143,0.85,1
"P14348.1",144,0.85,1
"P14348.1",145,0.85,1
"P14348.1",146,0.85,1
"P14348.1",147,0.68,1
"P14348.1",148,0.68,1
"P14348.1",149,0.68,1
"P14348.1",150,0.68,1
"P14348.1",151,0.68,1
"P14348.1",152,0.68,1
"P14348.1",153,0.79,1
"P14348.1",154,0.79,1
"P14348.1",155,0.79,1
"P14348.1",156,0.79,1
"P14348.1",157,0.79,1
"P14348.1",158,0.79,1
"P14348.1",159,0.79,1
"P14348.1",160,0.88,1
"P14348.1",161,0.88,1
"P14348.1",162,0.88,1
"P14348.1",163,0.88,1
"P14348.1",164,0.88,1
"P14348.1",165,0.88,1
"P14348.1",166,0.88,1
"P14348.1",167,0.88,1
"P14348.1",168,0.88,1
"P14348.1",169,0.88,1
"P14348.1",170,0.88,1
"P14348.1",171,0.88,1
"P14348.1",172,0.88,1
"P14348.1",173,0.88,1
"P14348.1",174,0.88,1
"P14348.1",175,0.88,1
"P14348.1",176,0,-1
"Q1HVG4.2",1,0,-1
"Q1HVG4.2",2,0,-1
"Q1HVG4.2",3,0,-1
"Q1HVG4.2",4,0,-1
"Q1HVG4.2",5,0,-1
"Q1HVG4.2",6,0,-1
"Q1HVG4.2",7,0,-1
"Q1HVG4.2",8,0,-1
"Q1HVG4.2",9,0.88,1
"Q1HVG4.2",10,0.88,1
"Q1HVG4.2",11,0.88,1
"Q1HVG4.2",12,0.88,1
"Q1HVG4.2",13,0.88,1
"Q1HVG4.2",14,0.88,1
"Q1HVG4.2",15,0.88,1
"Q1HVG4.2",16,0.88,1
"Q1HVG4.2",17,0.93,1
"Q1HVG4.2",18,0.93,1
"Q1HVG4.2",19,0.93,1
"Q1HVG4.2",20,0.93,1
"Q1HVG4.2",21,0.93,1
"Q1HVG4.2",22,0.93,1
"Q1HVG4.2",23,0.93,1
"Q1HVG4.2",24,0.93,1
"Q1HVG4.2",25,0.93,1
"Q1HVG4.2",26,0.93,1
"Q1HVG4.2",27,0.93,1
"Q1HVG4.2",28,0.93,1
"Q1HVG4.2",29,0.93,1
"Q1HVG4.2",30,0.93,1
"Q1HVG4.2",31,0.93,1
"Q1HVG4.2",32,0.93,1
"Q1HVG4.2",33,0.79,1
"Q1HVG4.2",34,0.79,1
"Q1HVG4.2",35,0.79,1
"Q1HVG4.2",36,0.79,1
"Q1HVG4.2",37,0.79,1
"Q1HVG4.2",38,0.79,1
"Q1HVG4.2",39,0.79,1
"Q1HVG4.2",40,0.79,1
"Q1HVG4.2",41,0.79,1
"Q1HVG4.2",42,0.79,1
"Q1HVG4.2",43,0.79,1
"Q1HVG4.2",44,0.79,1
"Q1HVG4.2",45,0.79,1
"Q1HVG4.2",46,0.79,1
"Q1HVG4.2",47,0.79,1
"Q1HVG4.2",48,0.79,1
"Q1HVG4.2",49,0,-1
"Q1HVG4.2",50,0,-1
"Q1HVG4.2",51,0.85,1
"Q1HVG4.2",52,0.85,1
"Q1HVG4.2",53,0.85,1
"Q1HVG4.2",54,0.85,1
"Q1HVG4.2",55,0.85,1
"Q1HVG4.2",56,0.85,1
"Q1HVG4.2",57,0.85,1
"Q1HVG4.2",58,0.85,1
"Q1HVG4.2",59,0.85,1
"Q1HVG4.2",60,0.85,1
"Q1HVG4.2",61,0.85,1
"Q1HVG4.2",62,0.85,1
"Q1HVG4.2",63,0.85,1
"Q1HVG4.2",64,0.85,1
"Q1HVG4.2",65,0.85,1
"Q1HVG4.2",66,0.85,1
"Q1HVG4.2",67,0.71,1
"Q1HVG4.2",68,0.71,1
"Q1HVG4.2",69,0.71,1
"Q1HVG4.2",70,0.71,1
"Q1HVG4.2",71,0.71,1
"Q1HVG4.2",72,0.9,1
"Q1HVG4.2",73,0.9,1
"Q1HVG4.2",74,0.9,1
"Q1HVG4.2",75,0.9,1
"Q1HVG4.2",76,0.9,1
"Q1HVG4.2",77,0.9,1
"Q1HVG4.2",78,0.9,1
"Q1HVG4.2",79,0.9,1
"Q1HVG4.2",80,0.9,1
"Q1HVG4.2",81,0.9,1
"Q1HVG4.2",82,0.9,1
"Q1HVG4.2",83,0.9,1
"Q1HVG4.2",84,0.9,1
"Q1HVG4.2",85,0.9,1
"Q1HVG4.2",86,0.9,1
"Q1HVG4.2",87,0.9,1
"Q1HVG4.2",88,0.89,1
"Q1HVG4.2",89,0.89,1
"Q1HVG4.2",90,0.89,1
"Q1HVG4.2",91,0.89,1
"Q1HVG4.2",92,0.89,1
"Q1HVG4.2",93,0.89,1
"Q1HVG4.2",94,0.89,1
"Q1HVG4.2",95,0.89,1
"Q1HVG4.2",96,0.89,1
"Q1HVG4.2",97,0.89,1
"Q1HVG4.2",98,0.89,1
"Q1HVG4.2",99,0.89,1
"Q1HVG4.2",100,0.89,1
"Q1HVG4.2",101,0.89,1
"Q1HVG4.2",102,0.89,1
"Q1HVG4.2",103,0.58,1
"Q1HVG4.2",104,0.58,1
"Q1HVG4.2",105,0.58,1
"Q1HVG4.2",106,0.84,1
"Q1HVG4.2",107,0.84,1
"Q1HVG4.2",108,0.84,1
"Q1HVG4.2",109,0.84,1
"Q1HVG4.2",110,0.84,1
"Q1HVG4.2",111,0.84,1
"Q1HVG4.2",112,0.84,1
"Q1HVG4.2",113,0.84,1
"Q1HVG4.2",114,0.84,1
"Q1HVG4.2",115,0.84,1
"Q1HVG4.2",116,0.84,1
"Q1HVG4.2",117,0.84,1
"Q1HVG4.2",118,0.84,1
"Q1HVG4.2",119,0.84,1
"Q1HVG4.2",120,0.84,1
"Q1HVG4.2",121,0.84,1
"Q1HVG4.2",122,0.63,1
"Q1HVG4.2",123,0.63,1
"Q1HVG4.2",124,0.63,1
"Q1HVG4.2",125,0.63,1
"Q1HVG4.2",126,0.63,1
"Q1HVG4.2",127,0.63,1
"Q1HVG4.2",128,0.53,1
"Q1HVG4.2",129,0.53,1
"Q1HVG4.2",130,0.53,1
"Q1HVG4.2",131,0.53,1
"Q1HVG4.2",132,0.53,1
"Q1HVG4.2",133,0.53,1
"Q1HVG4.2",134,0.53,1
"Q1HVG4.2",135,0.53,1
"Q1HVG4.2",136,0.53,1
"Q1HVG4.2",137,0.53,1
"Q1HVG4.2",138,0.92,1
"Q1HVG4.2",139,0.92,1
"Q1HVG4.2",140,0.92,1
"Q1HVG4.2",141,0.92,1
"Q1HVG4.2",142,0.92,1
"Q1HVG4.2",143,0.92,1
"Q1HVG4.2",144,0.92,1
"Q1HVG4.2",145,0.92,1
"Q1HVG4.2",146,0.92,1
"Q1HVG4.2",147,0.92,1
"Q1HVG4.2",148,0.92,1
"Q1HVG4.2",149,0.92,1
"Q1HVG4.2",150,0.92,1
"Q1HVG4.2",151,0.92,1
"Q1HVG4.2",152,0.92,1
"Q1HVG4.2",153,0.92,1
"Q1HVG4.2",154,0.75,1
"Q1HVG4.2",155,0.75,1
"Q1HVG4.2",156,0.75,1
"Q1HVG4.2",157,0.87,1
"Q1HVG4.2",158,0.87,1
"Q1HVG4.2",159,0.87,1
"Q1HVG4.2",160,0.87,1
"Q1HVG4.2",161,0.87,1
"Q1HVG4.2",162,0.87,1
"Q1HVG4.2",163,0.87,1
"Q1HVG4.2",164,0.87,1
"Q1HVG4.2",165,0.87,1
"Q1HVG4.2",166,0.87,1
"Q1HVG4.2",167,0.87,1
"Q1HVG4.2",168,0.87,1
"Q1HVG4.2",169,0.87,1
"Q1HVG4.2",170,0.87,1
"Q1HVG4.2",171,0.87,1
"Q1HVG4.2",172,0.87,1
"Q1HVG4.2",173,0.86,1
"Q1HVG4.2",174,0.86,1
"Q1HVG4.2",175,0.86,1
"Q1HVG4.2",176,0.86,1
"Q1HVG4.2",177,0.86,1
"Q1HVG4.2",178,0.86,1
"Q1HVG4.2",179,0.86,1
"Q1HVG4.2",180,0.86,1
"Q1HVG4.2",181,0.86,1
"Q1HVG4.2",182,0.86,1
"Q1HVG4.2",183,0.86,1
"Q1HVG4.2",184,0.86,1
"Q1HVG4.2",185,0.76,1
"Q1HVG4.2",186,0.76,1
"Q1HVG4.2",187,0.76,1
"Q1HVG4.2",188,0.76,1
"Q1HVG4.2",189,0.76,1
"Q1HVG4.2",190,0.76,1
"Q1HVG4.2",191,0.76,1
"Q1HVG4.2",192,0,-1
"Q1HVG4.2",193,0.78,1
"Q1HVG4.2",194,0.78,1
"Q1HVG4.2",195,0.78,1
"Q1HVG4.2",196,0.78,1
"Q1HVG4.2",197,0.78,1
"Q1HVG4.2",198,0.78,1
"Q1HVG4.2",199,0.78,1
"Q1HVG4.2",200,0.78,1
"Q1HVG4.2",201,0.78,1
"Q1HVG4.2",202,0.78,1
"Q1HVG4.2",203,0.78,1
"Q1HVG4.2",204,0.78,1
"Q1HVG4.2",205,0.78,1
"Q1HVG4.2",206,0.78,1
"Q1HVG4.2",207,0.78,1
"Q1HVG4.2",208,0.78,1
"Q1HVG4.2",209,0.86,1
"Q1HVG4.2",210,0.86,1
"Q1HVG4.2",211,0.86,1
"Q1HVG4.2",212,0.86,1
"Q1HVG4.2",213,0.86,1
"Q1HVG4.2",214,0.86,1
"Q1HVG4.2",215,0.86,1
"Q1HVG4.2",216,0.86,1
"Q1HVG4.2",217,0.86,1
"Q1HVG4.2",218,0.86,1
"Q1HVG4.2",219,0.86,1
"Q1HVG4.2",220,0.88,1
"Q1HVG4.2",221,0.88,1
"Q1HVG4.2",222,0.88,1
"Q1HVG4.2",223,0.88,1
"Q1HVG4.2",224,0.88,1
"Q1HVG4.2",225,0.88,1
"Q1HVG4.2",226,0.88,1
"Q1HVG4.2",227,0.88,1
"Q1HVG4.2",228,0.88,1
"Q1HVG4.2",229,0.88,1
"Q1HVG4.2",230,0.88,1
"Q1HVG4.2",231,0.88,1
"Q1HVG4.2",232,0.88,1
"Q1HVG4.2",233,0.88,1
"Q1HVG4.2",234,0.88,1
"Q1HVG4.2",235,0.88,1
"Q1HVG4.2",236,0.79,1
"Q1HVG4.2",237,0.79,1
"Q1HVG4.2",238,0.79,1
"Q1HVG4.2",239,0.79,1
"Q1HVG4.2",240,0.79,1
"Q1HVG4.2",241,0.79,1
"Q1HVG4.2",242,0.79,1
"Q1HVG4.2",243,0.79,1
"Q1HVG4.2",244,0.79,1
"Q1HVG4.2",245,0.79,1
"Q1HVG4.2",246,0.79,1
"Q1HVG4.2",247,0.79,1
"Q1HVG4.2",248,0.66,1
"Q1HVG4.2",249,0.66,1
"Q1HVG4.2",250,0.66,1
"Q1HVG4.2",251,0.66,1
"Q1HVG4.2",252,0.66,1
"Q1HVG4.2",253,0.66,1
"Q1HVG4.2",254,0.66,1
"Q1HVG4.2",255,0.66,1
"Q1HVG4.2",256,0.66,1
"Q1HVG4.2",257,0.66,1
"Q1HVG4.2",258,0.66,1
"Q1HVG4.2",259,0.66,1
"Q1HVG4.2",260,0.66,1
"Q1HVG4.2",261,0.66,1
"Q1HVG4.2",262,0.66,1
"Q1HVG4.2",263,0.66,1
"Q1HVG4.2",264,0,-1
"Q1HVG4.2",265,0,-1
"Q1HVG4.2",266,0,-1
"Q1HVG4.2",267,0,-1
"Q1HVG4.2",268,0.72,1
"Q1HVG4.2",269,0.72,1
"Q1HVG4.2",270,0.72,1
"Q1HVG4.2",271,0.72,1
"Q1HVG4.2",272,0.72,1
"Q1HVG4.2",273,0.72,1
"Q1HVG4.2",274,0.72,1
"Q1HVG4.2",275,0.84,1
"Q1HVG4.2",276,0.84,1
"Q1HVG4.2",277,0.84,1
"Q1HVG4.2",278,0.84,1
"Q1HVG4.2",279,0.84,1
"Q1HVG4.2",280,0.84,1
"Q1HVG4.2",281,0.84,1
"Q1HVG4.2",282,0.84,1
"Q1HVG4.2",283,0.84,1
"Q1HVG4.2",284,0.84,1
"Q1HVG4.2",285,0.84,1
"Q1HVG4.2",286,0.84,1
"Q1HVG4.2",287,0.84,1
"Q1HVG4.2",288,0.84,1
"Q1HVG4.2",289,0.84,1
"Q1HVG4.2",290,0.84,1
"Q1HVG4.2",291,0,-1
"Q1HVG4.2",292,0,-1
"Q1HVG4.2",293,0.83,1
"Q1HVG4.2",294,0.83,1
"Q1HVG4.2",295,0.83,1
"Q1HVG4.2",296,0.83,1
"Q1HVG4.2",297,0.83,1
"Q1HVG4.2",298,0.83,1
"Q1HVG4.2",299,0.83,1
"Q1HVG4.2",300,0.83,1
"Q1HVG4.2",301,0.83,1
"Q1HVG4.2",302,0.83,1
"Q1HVG4.2",303,0.83,1
"Q1HVG4.2",304,0.83,1
"Q1HVG4.2",305,0.87,1
"Q1HVG4.2",306,0.87,1
"Q1HVG4.2",307,0.87,1
"Q1HVG4.2",308,0.87,1
"Q1HVG4.2",309,0.87,1
"Q1HVG4.2",310,0.87,1
"Q1HVG4.2",311,0.89,1
"Q1HVG4.2",312,0.89,1
"Q1HVG4.2",313,0.89,1
"Q1HVG4.2",314,0.89,1
"Q1HVG4.2",315,0.89,1
"Q1HVG4.2",316,0.89,1
"Q1HVG4.2",317,0.89,1
"Q1HVG4.2",318,0.89,1
"Q1HVG4.2",319,0.89,1
"Q1HVG4.2",320,0.89,1
"Q1HVG4.2",321,0.89,1
"Q1HVG4.2",322,0.89,1
"Q1HVG4.2",323,0.89,1
"Q1HVG4.2",324,0.89,1
"Q1HVG4.2",325,0.89,1
"Q1HVG4.2",326,0.89,1
"Q1HVG4.2",327,0.87,1
"Q1HVG4.2",328,0.87,1
"Q1HVG4.2",329,0.87,1
"Q1HVG4.2",330,0.87,1
"Q1HVG4.2",331,0.87,1
"Q1HVG4.2",332,0.87,1
"Q1HVG4.2",333,0.87,1
"Q1HVG4.2",334,0.87,1
"Q1HVG4.2",335,0.87,1
"Q1HVG4.2",336,0.7,1
"Q1HVG4.2",337,0.7,1
"Q1HVG4.2",338,0.7,1
"Q1HVG4.2",339,0.7,1
"Q1HVG4.2",340,0.7,1
"Q1HVG4.2",341,0.91,1
"Q1HVG4.2",342,0.91,1
"Q1HVG4.2",343,0.91,1
"Q1HVG4.2",344,0.91,1
"Q1HVG4.2",345,0.91,1
"Q1HVG4.2",346,0.91,1
"Q1HVG4.2",347,0.91,1
"Q1HVG4.2",348,0.91,1
"Q1HVG4.2",349,0.91,1
"Q1HVG4.2",350,0.91,1
"Q1HVG4.2",351,0.91,1
"Q1HVG4.2",352,0.91,1
"Q1HVG4.2",353,0.91,1
"Q1HVG4.2",354,0.91,1
"Q1HVG4.2",355,0.91,1
"Q1HVG4.2",356,0.91,1
"Q1HVG4.2",357,0.83,1
"Q1HVG4.2",358,0.83,1
"Q1HVG4.2",359,0.83,1
"Q1HVG4.2",360,0.83,1
"Q1HVG4.2",361,0.83,1
"Q1HVG4.2",362,0.89,1
"Q1HVG4.2",363,0.89,1
"Q1HVG4.2",364,0.89,1
"Q1HVG4.2",365,0.89,1
"Q1HVG4.2",366,0.89,1
"Q1HVG4.2",367,0.89,1
"Q1HVG4.2",368,0.89,1
"Q1HVG4.2",369,0.89,1
"Q1HVG4.2",370,0.89,1
"Q1HVG4.2",371,0.89,1
"Q1HVG4.2",372,0.89,1
"Q1HVG4.2",373,0.89,1
"Q1HVG4.2",374,0.89,1
"Q1HVG4.2",375,0.89,1
"Q1HVG4.2",376,0.89,1
"Q1HVG4.2",377,0.89,1
"Q1HVG4.2",378,0.85,1
"Q1HVG4.2",379,0.85,1
"Q1HVG4.2",380,0.85,1
"Q1HVG4.2",381,0.85,1
"Q1HVG4.2",382,0.85,1
"Q1HVG4.2",383,0.85,1
"Q1HVG4.2",384,0.85,1
"Q1HVG4.2",385,0.85,1
"Q1HVG4.2",386,0.85,1
"Q1HVG4.2",387,0.85,1
"Q1HVG4.2",388,0.85,1
"Q1HVG4.2",389,0.85,1
"Q1HVG4.2",390,0.87,1
"Q1HVG4.2",391,0.87,1
"Q1HVG4.2",392,0.87,1
"Q1HVG4.2",393,0.87,1
"Q1HVG4.2",394,0.87,1
"Q1HVG4.2",395,0.87,1
"Q1HVG4.2",396,0.87,1
"Q1HVG4.2",397,0.87,1
"Q1HVG4.2",398,0.87,1
"Q1HVG4.2",399,0.87,1
"Q1HVG4.2",400,0.87,1
"Q1HVG4.2",401,0.87,1
"Q1HVG4.2",402,0.87,1
"Q1HVG4.2",403,0.87,1
"Q1HVG4.2",404,0.87,1
"Q1HVG4.2",405,0.87,1
"Q1HVG4.2",406,0.84,1
"Q1HVG4.2",407,0.84,1
"Q1HVG4.2",408,0.84,1
"Q1HVG4.2",409,0.84,1
"Q1HVG4.2",410,0.84,1
"Q1HVG4.2",411,0.84,1
"Q1HVG4.2",412,0.83,1
"Q1HVG4.2",413,0.83,1
"Q1HVG4.2",414,0.83,1
"Q1HVG4.2",415,0.83,1
"Q1HVG4.2",416,0.83,1
"Q1HVG4.2",417,0.83,1
"Q1HVG4.2",418,0.68,1
"Q1HVG4.2",419,0.68,1
"Q1HVG4.2",420,0.68,1
"Q1HVG4.2",421,0.68,1
"Q1HVG4.2",422,0.68,1
"Q1HVG4.2",423,0.68,1
"Q1HVG4.2",424,0.81,1
"Q1HVG4.2",425,0.81,1
"Q1HVG4.2",426,0.81,1
"Q1HVG4.2",427,0.81,1
"Q1HVG4.2",428,0.81,1
"Q1HVG4.2",429,0.81,1
"Q1HVG4.2",430,0.93,1
"Q1HVG4.2",431,0.93,1
"Q1HVG4.2",432,0.93,1
"Q1HVG4.2",433,0.93,1
"Q1HVG4.2",434,0.93,1
"Q1HVG4.2",435,0.93,1
"Q1HVG4.2",436,0.93,1
"Q1HVG4.2",437,0.93,1
"Q1HVG4.2",438,0.93,1
"Q1HVG4.2",439,0.93,1
"Q1HVG4.2",440,0.93,1
"Q1HVG4.2",441,0.93,1
"Q1HVG4.2",442,0.93,1
"Q1HVG4.2",443,0.93,1
"Q1HVG4.2",444,0.93,1
"Q1HVG4.2",445,0.93,1
"Q1HVG4.2",446,0.76,1
"Q1HVG4.2",447,0.76,1
"Q1HVG4.2",448,0.76,1
"Q1HVG4.2",449,0.78,1
"Q1HVG4.2",450,0.78,1
"Q1HVG4.2",451,0.78,1
"Q1HVG4.2",452,0.78,1
"Q1HVG4.2",453,0.78,1
"Q1HVG4.2",454,0.78,1
"Q1HVG4.2",455,0.78,1
"Q1HVG4.2",456,0.78,1
"Q1HVG4.2",457,0.78,1
"Q1HVG4.2",458,0.78,1
"Q1HVG4.2",459,0.78,1
"Q1HVG4.2",460,0.78,1
"Q1HVG4.2",461,0.78,1
"Q1HVG4.2",462,0.78,1
"Q1HVG4.2",463,0.78,1
"Q1HVG4.2",464,0.78,1
"Q1HVG4.2",465,0.75,1
"Q1HVG4.2",466,0.75,1
"Q1HVG4.2",467,0.75,1
"Q1HVG4.2",468,0.77,1
"Q1HVG4.2",469,0.77,1
"Q1HVG4.2",470,0.77,1
"Q1HVG4.2",471,0.77,1
"Q1HVG4.2",472,0.77,1
"Q1HVG4.2",473,0.77,1
"Q1HVG4.2",474,0.77,1
"Q1HVG4.2",475,0.77,1
"Q1HVG4.2",476,0.77,1
"Q1HVG4.2",477,0.77,1
"Q1HVG4.2",478,0.77,1
"Q1HVG4.2",479,0.83,1
"Q1HVG4.2",480,0.83,1
"Q1HVG4.2",481,0.83,1
"Q1HVG4.2",482,0.83,1
"Q1HVG4.2",483,0.83,1
"Q1HVG4.2",484,0.83,1
"Q1HVG4.2",485,0.83,1
"Q1HVG4.2",486,0.83,1
"Q1HVG4.2",487,0.83,1
"Q1HVG4.2",488,0.83,1
"Q1HVG4.2",489,0.83,1
"Q1HVG4.2",490,0.83,1
"Q1HVG4.2",491,0.83,1
"Q1HVG4.2",492,0.83,1
"Q1HVG4.2",493,0.9,1
"Q1HVG4.2",494,0.9,1
"Q1HVG4.2",495,0.9,1
"Q1HVG4.2",496,0.9,1
"Q1HVG4.2",497,0.9,1
"Q1HVG4.2",498,0.9,1
"Q1HVG4.2",499,0.9,1
"Q1HVG4.2",500,0.9,1
"Q1HVG4.2",501,0.9,1
"Q1HVG4.2",502,0.9,1
"Q1HVG4.2",503,0.9,1
"Q1HVG4.2",504,0.9,1
"Q1HVG4.2",505,0.9,1
"Q1HVG4.2",506,0.9,1
"Q1HVG4.2",507,0.9,1
"Q1HVG4.2",508,0.9,1
"Q1HVG4.2",509,0.59,1
"Q1HVG4.2",510,0.59,1
"Q1HVG4.2",511,0.59,1
"Q1HVG4.2",512,0.59,1
"Q1HVG4.2",513,0.59,1
"Q1HVG4.2",514,0.59,1
"Q1HVG4.2",515,0.59,1
"Q1HVG4.2",516,0.59,1
"Q1HVG4.2",517,0.88,1
"Q1HVG4.2",518,0.88,1
"Q1HVG4.2",519,0.88,1
"Q1HVG4.2",520,0.88,1
"Q1HVG4.2",521,0.88,1
"Q1HVG4.2",522,0.88,1
"Q1HVG4.2",523,0.88,1
"Q1HVG4.2",524,0.88,1
"Q1HVG4.2",525,0.88,1
"Q1HVG4.2",526,0.88,1
"Q1HVG4.2",527,0.88,1
"Q1HVG4.2",528,0.88,1
"Q1HVG4.2",529,0.88,1
"Q1HVG4.2",530,0.88,1
"Q1HVG4.2",531,0.88,1
"Q1HVG4.2",532,0.88,1
"Q1HVG4.2",533,0.93,1
"Q1HVG4.2",534,0.93,1
"Q1HVG4.2",535,0.93,1
"Q1HVG4.2",536,0.93,1
"Q1HVG4.2",537,0.93,1
"Q1HVG4.2",538,0.93,1
"Q1HVG4.2",539,0.93,1
"Q1HVG4.2",540,0.93,1
"Q1HVG4.2",541,0.93,1
"Q1HVG4.2",542,0.93,1
"Q1HVG4.2",543,0.93,1
"Q1HVG4.2",544,0.93,1
"Q1HVG4.2",545,0.93,1
"Q1HVG4.2",546,0.93,1
"Q1HVG4.2",547,0.93,1
"Q1HVG4.2",548,0.93,1
"Q1HVG4.2",549,0.88,1
"Q1HVG4.2",550,0.88,1
"Q1HVG4.2",551,0.88,1
"Q1HVG4.2",552,0.88,1
"Q1HVG4.2",553,0.88,1
"Q1HVG4.2",554,0.88,1
"Q1HVG4.2",555,0.88,1
"Q1HVG4.2",556,0.88,1
"Q1HVG4.2",557,0.81,1
"Q1HVG4.2",558,0.81,1
"Q1HVG4.2",559,0.81,1
"Q1HVG4.2",560,0.81,1
"Q1HVG4.2",561,0.81,1
"Q1HVG4.2",562,0.81,1
"Q1HVG4.2",563,0.81,1
"Q1HVG4.2",564,0.81,1
"Q1HVG4.2",565,0.81,1
"Q1HVG4.2",566,0.81,1
"Q1HVG4.2",567,0.81,1
"Q1HVG4.2",568,0.81,1
"Q1HVG4.2",569,0.81,1
"Q1HVG4.2",570,0.81,1
"Q1HVG4.2",571,0.81,1
"Q1HVG4.2",572,0.63,1
"Q1HVG4.2",573,0.63,1
"Q1HVG4.2",574,0.73,1
"Q1HVG4.2",575,0.73,1
"Q1HVG4.2",576,0.73,1
"Q1HVG4.2",577,0.73,1
"Q1HVG4.2",578,0.73,1
"Q1HVG4.2",579,0.73,1
"Q1HVG4.2",580,0.73,1
"Q1HVG4.2",581,0.76,1
"Q1HVG4.2",582,0.76,1
"Q1HVG4.2",583,0.76,1
"Q1HVG4.2",584,0.76,1
"Q1HVG4.2",585,0.76,1
"Q1HVG4.2",586,0.76,1
"Q1HVG4.2",587,0.76,1
"Q1HVG4.2",588,0.76,1
"Q1HVG4.2",589,0.76,1
"Q1HVG4.2",590,0.76,1
"Q1HVG4.2",591,0.89,1
"Q1HVG4.2",592,0.89,1
"Q1HVG4.2",593,0.89,1
"Q1HVG4.2",594,0.89,1
"Q1HVG4.2",595,0.89,1
"Q1HVG4.2",596,0.89,1
"Q1HVG4.2",597,0.89,1
"Q1HVG4.2",598,0.89,1
"Q1HVG4.2",599,0.89,1
"Q1HVG4.2",600,0.89,1
"Q1HVG4.2",601,0.89,1
"Q1HVG4.2",602,0.89,1
"Q1HVG4.2",603,0.89,1
"Q1HVG4.2",604,0.89,1
"Q1HVG4.2",605,0.89,1
"Q1HVG4.2",606,0.89,1
"Q1HVG4.2",607,0.82,1
"Q1HVG4.2",608,0.82,1
"Q1HVG4.2",609,0.82,1
"Q1HVG4.2",610,0.89,1
"Q1HVG4.2",611,0.89,1
"Q1HVG4.2",612,0.89,1
"Q1HVG4.2",613,0.89,1
"Q1HVG4.2",614,0.89,1
"Q1HVG4.2",615,0.89,1
"Q1HVG4.2",616,0.89,1
"Q1HVG4.2",617,0.89,1
"Q1HVG4.2",618,0.89,1
"Q1HVG4.2",619,0.89,1
"Q1HVG4.2",620,0.89,1
"Q1HVG4.2",621,0.89,1
"Q1HVG4.2",622,0.89,1
"Q1HVG4.2",623,0.89,1
"Q1HVG4.2",624,0.89,1
"Q1HVG4.2",625,0.89,1
"Q1HVG4.2",626,0.87,1
"Q1HVG4.2",627,0.87,1
"Q1HVG4.2",628,0.87,1
"Q1HVG4.2",629,0.87,1
"Q1HVG4.2",630,0.87,1
"Q1HVG4.2",631,0.87,1
"Q1HVG4.2",632,0.87,1
"Q1HVG4.2",633,0.87,1
"Q1HVG4.2",634,0.91,1
"Q1HVG4.2",635,0.91,1
"Q1HVG4.2",636,0.91,1
"Q1HVG4.2",637,0.91,1
"Q1HVG4.2",638,0.91,1
"Q1HVG4.2",639,0.91,1
"Q1HVG4.2",640,0.91,1
"Q1HVG4.2",641,0.91,1
"Q1HVG4.2",642,0.91,1
"Q1HVG4.2",643,0.91,1
"Q1HVG4.2",644,0.91,1
"Q1HVG4.2",645,0.91,1
"Q1HVG4.2",646,0.91,1
"Q1HVG4.2",647,0.91,1
"Q1HVG4.2",648,0.91,1
"Q1HVG4.2",649,0.91,1
"Q1HVG4.2",650,0.77,1
"Q1HVG4.2",651,0.77,1
"Q1HVG4.2",652,0.77,1
"Q1HVG4.2",653,0.77,1
"Q1HVG4.2",654,0.77,1
"Q1HVG4.2",655,0.77,1
"Q1HVG4.2",656,0,-1
"Q1HVG4.2",657,0,-1
"Q1HVG4.2",658,0,-1
"Q1HVG4.2",659,0,-1
"Q1HVG4.2",660,0.89,1
"Q1HVG4.2",661,0.89,1
"Q1HVG4.2",662,0.89,1
"Q1HVG4.2",663,0.89,1
"Q1HVG4.2",664,0.89,1
"Q1HVG4.2",665,0.89,1
"Q1HVG4.2",666,0.89,1
"Q1HVG4.2",667,0.89,1
"Q1HVG4.2",668,0.89,1
"Q1HVG4.2",669,0.89,1
"Q1HVG4.2",670,0.89,1
"Q1HVG4.2",671,0.89,1
"Q1HVG4.2",672,0.89,1
"Q1HVG4.2",673,0.89,1
"Q1HVG4.2",674,0.89,1
"Q1HVG4.2",675,0.89,1
"Q1HVG4.2",676,0.85,1
"Q1HVG4.2",677,0.9,1
"Q1HVG4.2",678,0.9,1
"Q1HVG4.2",679,0.9,1
"Q1HVG4.2",680,0.9,1
"Q1HVG4.2",681,0.9,1
"Q1HVG4.2",682,0.9,1
"Q1HVG4.2",683,0.9,1
"Q1HVG4.2",684,0.9,1
"Q1HVG4.2",685,0.9,1
"Q1HVG4.2",686,0.9,1
"Q1HVG4.2",687,0.9,1
"Q1HVG4.2",688,0.9,1
"Q1HVG4.2",689,0.9,1
"Q1HVG4.2",690,0.9,1
"Q1HVG4.2",691,0.9,1
"Q1HVG4.2",692,0.9,1
"Q1HVG4.2",693,0.86,1
"Q1HVG4.2",694,0.86,1
"Q1HVG4.2",695,0.86,1
"Q1HVG4.2",696,0.86,1
"Q1HVG4.2",697,0.86,1
"Q1HVG4.2",698,0.86,1
"Q1HVG4.2",699,0.86,1
"Q1HVG4.2",700,0.91,1
"Q1HVG4.2",701,0.91,1
"Q1HVG4.2",702,0.91,1
"Q1HVG4.2",703,0.91,1
"Q1HVG4.2",704,0.91,1
"Q1HVG4.2",705,0.91,1
"Q1HVG4.2",706,0.91,1
"Q1HVG4.2",707,0.91,1
"Q1HVG4.2",708,0.91,1
"Q1HVG4.2",709,0.91,1
"Q1HVG4.2",710,0.91,1
"Q1HVG4.2",711,0.91,1
"Q1HVG4.2",712,0.91,1
"Q1HVG4.2",713,0.91,1
"Q1HVG4.2",714,0.91,1
"Q1HVG4.2",715,0.91,1
"Q1HVG4.2",716,0.83,1
"Q1HVG4.2",717,0.83,1
"Q1HVG4.2",718,0.83,1
"Q1HVG4.2",719,0.83,1
"Q1HVG4.2",720,0.83,1
"Q1HVG4.2",721,0.83,1
"Q1HVG4.2",722,0.83,1
"Q1HVG4.2",723,0.95,1
"Q1HVG4.2",724,0.95,1
"Q1HVG4.2",725,0.95,1
"Q1HVG4.2",726,0.95,1
"Q1HVG4.2",727,0.95,1
"Q1HVG4.2",728,0.95,1
"Q1HVG4.2",729,0.95,1
"Q1HVG4.2",730,0.95,1
"Q1HVG4.2",731,0.95,1
"Q1HVG4.2",732,0.95,1
"Q1HVG4.2",733,0.95,1
"Q1HVG4.2",734,0.95,1
"Q1HVG4.2",735,0.95,1
"Q1HVG4.2",736,0.95,1
"Q1HVG4.2",737,0.95,1
"Q1HVG4.2",738,0.95,1
"Q1HVG4.2",739,0.89,1
"Q1HVG4.2",740,0.89,1
"Q1HVG4.2",741,0.89,1
"Q1HVG4.2",742,0.89,1
"Q1HVG4.2",743,0.9,1
"Q1HVG4.2",744,0.9,1
"Q1HVG4.2",745,0.9,1
"Q1HVG4.2",746,0.9,1
"Q1HVG4.2",747,0.9,1
"Q1HVG4.2",748,0.9,1
"Q1HVG4.2",749,0.9,1
"Q1HVG4.2",750,0.9,1
"Q1HVG4.2",751,0.9,1
"Q1HVG4.2",752,0.9,1
"Q1HVG4.2",753,0.9,1
"Q1HVG4.2",754,0.9,1
"Q1HVG4.2",755,0.9,1
"Q1HVG4.2",756,0.9,1
"Q1HVG4.2",757,0.9,1
"Q1HVG4.2",758,0.9,1
"Q1HVG4.2",759,0.81,1
"Q1HVG4.2",760,0.81,1
"Q1HVG4.2",761,0.81,1
"Q1HVG4.2",762,0.81,1
"Q1HVG4.2",763,0.81,1
"Q1HVG4.2",764,0.81,1
"Q1HVG4.2",765,0.81,1
"Q1HVG4.2",766,0.81,1
"Q1HVG4.2",767,0.81,1
"Q1HVG4.2",768,0.8,1
"Q1HVG4.2",769,0.8,1
"Q1HVG4.2",770,0.8,1
"Q1HVG4.2",771,0.8,1
"Q1HVG4.2",772,0.8,1
"Q1HVG4.2",773,0.8,1
"Q1HVG4.2",774,0.8,1
"Q1HVG4.2",775,0.8,1
"Q1HVG4.2",776,0.8,1
"Q1HVG4.2",777,0.8,1
"Q1HVG4.2",778,0.8,1
"Q1HVG4.2",779,0.8,1
"Q1HVG4.2",780,0.8,1
"Q1HVG4.2",781,0.8,1
"Q1HVG4.2",782,0.8,1
"Q1HVG4.2",783,0.8,1
"Q1HVG4.2",784,0.75,1
"Q1HVG4.2",785,0.75,1
"Q1HVG4.2",786,0.75,1
"Q1HVG4.2",787,0.75,1
"Q1HVG4.2",788,0.77,1
"Q1HVG4.2",789,0.77,1
"Q1HVG4.2",790,0.77,1
"Q1HVG4.2",791,0.77,1
"Q1HVG4.2",792,0.77,1
"Q1HVG4.2",793,0.77,1
"Q1HVG4.2",794,0.77,1
"Q1HVG4.2",795,0.77,1
"Q1HVG4.2",796,0.77,1
"Q1HVG4.2",797,0.77,1
"Q1HVG4.2",798,0.77,1
"Q1HVG4.2",799,0.77,1
"Q1HVG4.2",800,0.77,1
"Q1HVG4.2",801,0.77,1
"Q1HVG4.2",802,0.78,1
"Q1HVG4.2",803,0.78,1
"Q1HVG4.2",804,0.78,1
"Q1HVG4.2",805,0.78,1
"Q1HVG4.2",806,0.78,1
"Q1HVG4.2",807,0.78,1
"Q1HVG4.2",808,0.78,1
"Q1HVG4.2",809,0.78,1
"Q1HVG4.2",810,0.78,1
"Q1HVG4.2",811,0.78,1
"Q1HVG4.2",812,0.78,1
"Q1HVG4.2",813,0.78,1
"Q1HVG4.2",814,0.78,1
"Q1HVG4.2",815,0.78,1
"Q1HVG4.2",816,0.78,1
"Q1HVG4.2",817,0.78,1
"Q1HVG4.2",818,0.73,1
"Q1HVG4.2",819,0.91,1
"Q1HVG4.2",820,0.91,1
"Q1HVG4.2",821,0.91,1
"Q1HVG4.2",822,0.91,1
"Q1HVG4.2",823,0.91,1
"Q1HVG4.2",824,0.91,1
"Q1HVG4.2",825,0.91,1
"Q1HVG4.2",826,0.91,1
"Q1HVG4.2",827,0.91,1
"Q1HVG4.2",828,0.91,1
"Q1HVG4.2",829,0.91,1
"Q1HVG4.2",830,0.91,1
"Q1HVG4.2",831,0.91,1
"Q1HVG4.2",832,0.91,1
"Q1HVG4.2",833,0.91,1
"Q1HVG4.2",834,0.91,1
"Q1HVG4.2",835,0.66,1
"Q1HVG4.2",836,0.66,1
"Q1HVG4.2",837,0.66,1
"Q1HVG4.2",838,0.66,1
"Q1HVG4.2",839,0.66,1
"Q1HVG4.2",840,0.66,1
"Q1HVG4.2",841,0.7,1
"Q1HVG4.2",842,0.7,1
"Q1HVG4.2",843,0.7,1
"Q1HVG4.2",844,0.7,1
"Q1HVG4.2",845,0.7,1
"Q1HVG4.2",846,0.7,1
"Q1HVG4.2",847,0.7,1
"Q1HVG4.2",848,0.7,1
"Q1HVG4.2",849,0.7,1
"Q1HVG4.2",850,0.7,1
"Q1HVG4.2",851,0.7,1
"Q1HVG4.2",852,0.7,1
"Q1HVG4.2",853,0.87,1
"Q1HVG4.2",854,0.87,1
"Q1HVG4.2",855,0.87,1
"Q1HVG4.2",856,0.87,1
"Q1HVG4.2",857,0.87,1
"Q1HVG4.2",858,0.87,1
"Q1HVG4.2",859,0.87,1
"Q1HVG4.2",860,0.87,1
"Q1HVG4.2",861,0.87,1
"Q1HVG4.2",862,0.87,1
"Q1HVG4.2",863,0.87,1
"Q1HVG4.2",864,0.87,1
"Q1HVG4.2",865,0.87,1
"Q1HVG4.2",866,0.87,1
"Q1HVG4.2",867,0.87,1
"Q1HVG4.2",868,0.87,1
"Q1HVG4.2",869,0.85,1
"Q1HVG4.2",870,0.85,1
"Q1HVG4.2",871,0.85,1
"Q1HVG4.2",872,0.85,1
"Q1HVG4.2",873,0.85,1
"Q1HVG4.2",874,0.85,1
"Q1HVG4.2",875,0.85,1
"Q1HVG4.2",876,0.85,1
"Q1HVG4.2",877,0.85,1
"Q1HVG4.2",878,0.85,1
"Q1HVG4.2",879,0.85,1
"Q1HVG4.2",880,0.85,1
"Q1HVG4.2",881,0.85,1
"Q1HVG4.2",882,0.85,1
"Q1HVG4.2",883,0.78,1
"Q1HVG4.2",884,0.78,1
"Q1HVG4.2",885,0.82,1
"Q1HVG4.2",886,0.82,1
"Q1HVG4.2",887,0.82,1
"Q1HVG4.2",888,0.82,1
"Q1HVG4.2",889,0.82,1
"Q1HVG4.2",890,0.82,1
"Q1HVG4.2",891,0.82,1
"Q1HVG4.2",892,0.82,1
"Q1HVG4.2",893,0.83,1
"Q1HVG4.2",894,0.83,1
"Q1HVG4.2",895,0.83,1
"Q1HVG4.2",896,0.83,1
"Q1HVG4.2",897,0.83,1
"Q1HVG4.2",898,0.83,1
"Q1HVG4.2",899,0.83,1
"Q1HVG4.2",900,0.83,1
"Q1HVG4.2",901,0.83,1
"Q1HVG4.2",902,0.83,1
"Q1HVG4.2",903,0.83,1
"Q1HVG4.2",904,0.83,1
"Q1HVG4.2",905,0.83,1
"Q1HVG4.2",906,0.83,1
"Q1HVG4.2",907,0.83,1
"Q1HVG4.2",908,0.83,1
"Q1HVG4.2",909,0.71,1
"Q1HVG4.2",910,0.71,1
"Q1HVG4.2",911,0.71,1
"Q1HVG4.2",912,0.71,1
"Q1HVG4.2",913,0.71,1
"Q1HVG4.2",914,0.88,1
"Q1HVG4.2",915,0.88,1
"Q1HVG4.2",916,0.88,1
"Q1HVG4.2",917,0.88,1
"Q1HVG4.2",918,0.88,1
"Q1HVG4.2",919,0.88,1
"Q1HVG4.2",920,0.88,1
"Q1HVG4.2",921,0.88,1
"Q1HVG4.2",922,0.88,1
"Q1HVG4.2",923,0.88,1
"Q1HVG4.2",924,0.88,1
"Q1HVG4.2",925,0.88,1
"Q1HVG4.2",926,0.88,1
"Q1HVG4.2",927,0.88,1
"Q1HVG4.2",928,0.88,1
"Q1HVG4.2",929,0.88,1
"Q1HVG4.2",930,0.75,1
"Q1HVG4.2",931,0.75,1
"Q1HVG4.2",932,0.75,1
"Q1HVG4.2",933,0.75,1
"Q1HVG4.2",934,0.75,1
"Q1HVG4.2",935,0.75,1
"Q1HVG4.2",936,0.75,1
"Q1HVG4.2",937,0.75,1
"Q1HVG4.2",938,0.75,1
"Q1HVG4.2",939,0.75,1
"Q1HVG4.2",940,0.75,1
"Q1HVG4.2",941,0.75,1
"Q1HVG4.2",942,0.75,1
"Q1HVG4.2",943,0,-1
"Q1HVG4.2",944,0,-1
"Q1HVG4.2",945,0,-1
"Q1HVG4.2",946,0,-1
