Info_UID,Info_center_pos,VotingClassifier_prediction
,1AMM45134.1,-1
AMM45134.1,2,-1
AMM45134.1,3,-1
AMM45134.1,4,1
AMM45134.1,5,1
AMM45134.1,6,1
AMM45134.1,7,1
AMM45134.1,8,1
AMM45134.1,9,1
AMM45134.1,10,1
AMM45134.1,11,1
AMM45134.1,12,-1
AMM45134.1,13,-1
AMM45134.1,14,-1
AMM45134.1,15,-1
AMM45134.1,16,-1
AMM45134.1,17,-1
AMM45134.1,18,-1
AMM45134.1,19,-1
AMM45134.1,20,-1
AMM45134.1,21,-1
AMM45134.1,22,-1
AMM45134.1,23,-1
AMM45134.1,24,-1
AMM45134.1,25,-1
AMM45134.1,26,1
AMM45134.1,27,1
AMM45134.1,28,1
AMM45134.1,29,1
AMM45134.1,30,1
AMM45134.1,31,1
AMM45134.1,32,-1
AMM45134.1,33,-1
AMM45134.1,34,-1
AMM45134.1,35,-1
AMM45134.1,36,-1
AMM45134.1,37,1
AMM45134.1,38,-1
AMM45134.1,39,-1
AMM45134.1,40,1
AMM45134.1,41,-1
AMM45134.1,42,1
AMM45134.1,43,1
AMM45134.1,44,1
AMM45134.1,45,1
AMM45134.1,46,1
AMM45134.1,47,1
AMM45134.1,48,1
AMM45134.1,49,1
AMM45134.1,50,1
AMM45134.1,51,1
AMM45134.1,52,1
AMM45134.1,53,1
AMM45134.1,54,1
AMM45134.1,55,1
AMM45134.1,56,1
AMM45134.1,57,1
AMM45134.1,58,1
AMM45134.1,59,1
AMM45134.1,60,1
AMM45134.1,61,1
AMM45134.1,62,1
AMM45134.1,63,1
AMM45134.1,64,1
AMM45134.1,65,-1
AMM45134.1,66,-1
AMM45134.1,67,1
AMM45134.1,68,-1
AMM45134.1,69,-1
AMM45134.1,70,-1
AMM45134.1,71,-1
AMM45134.1,72,1
AMM45134.1,73,1
AMM45134.1,74,-1
AMM45134.1,75,-1
AMM45134.1,76,-1
AMM45134.1,77,-1
AMM45134.1,78,1
AMM45134.1,79,1
AMM45134.1,80,1
AMM45134.1,81,1
AMM45134.1,82,1
AMM45134.1,83,1
AMM45134.1,84,1
AMM45134.1,85,1
AMM45134.1,86,1
AMM45134.1,87,1
AMM45134.1,88,1
AMM45134.1,89,1
AMM45134.1,90,1
AMM45134.1,91,1
AMM45134.1,92,1
AMM45134.1,93,1
AMM45134.1,94,1
AMM45134.1,95,1
AMM45134.1,96,1
AMM45134.1,97,-1
AMM45134.1,98,1
AMM45134.1,99,-1
AMM45134.1,100,1
AMM45134.1,101,1
AMM45134.1,102,1
AMM45134.1,103,-1
AMM45134.1,104,1
AMM45134.1,105,1
AMM45134.1,106,1
AMM45134.1,107,-1
AMM45134.1,108,-1
AMM45134.1,109,-1
AMM45134.1,110,-1
AMM45134.1,111,-1
AMM45134.1,112,-1
AMM45134.1,113,-1
AMM45134.1,114,-1
AMM45134.1,115,-1
AMM45134.1,116,-1
AMM45134.1,117,1
AMM45134.1,118,1
AMM45134.1,119,1
AMM45134.1,120,1
AMM45134.1,121,1
AMM45134.1,122,1
AMM45134.1,123,-1
AMM45134.1,124,1
AMM45134.1,125,-1
AMM45134.1,126,-1
AMM45134.1,127,-1
AMM45134.1,128,1
AMM45134.1,129,-1
AMM45134.1,130,1
AMM45134.1,131,-1
AMM45134.1,132,-1
AMM45134.1,133,-1
AMM45134.1,134,1
AMM45134.1,135,1
AMM45134.1,136,1
AMM45134.1,137,1
AMM45134.1,138,1
AMM45134.1,139,1
AMM45134.1,140,1
AMM45134.1,141,1
AMM45134.1,142,1
AMM45134.1,143,1
AMM45134.1,144,1
AMM45134.1,145,1
AMM45134.1,146,1
AMM45134.1,147,-1
AMM45134.1,148,-1
AMM45134.1,149,-1
AMM45134.1,150,-1
AMM45134.1,151,-1
AMM45134.1,152,-1
AMM45134.1,153,-1
AMM45134.1,154,-1
AMM45134.1,155,-1
AMM45134.1,156,-1
AMM45134.1,157,-1
ANI26360.1,1,-1
ANI26360.1,2,-1
ANI26360.1,3,-1
ANI26360.1,4,-1
ANI26360.1,5,-1
ANI26360.1,6,-1
ANI26360.1,7,-1
ANI26360.1,8,1
ANI26360.1,9,1
ANI26360.1,10,1
ANI26360.1,11,-1
ANI26360.1,12,1
ANI26360.1,13,1
ANI26360.1,14,1
ANI26360.1,15,1
ANI26360.1,16,1
ANI26360.1,17,1
ANI26360.1,18,1
ANI26360.1,19,1
ANI26360.1,20,-1
ANI26360.1,21,1
ANI26360.1,22,-1
ANI26360.1,23,1
ANI26360.1,24,1
ANI26360.1,25,1
ANI26360.1,26,1
ANI26360.1,27,-1
ANI26360.1,28,1
ANI26360.1,29,1
ANI26360.1,30,1
ANI26360.1,31,1
ANI26360.1,32,1
ANI26360.1,33,1
ANI26360.1,34,1
ANI26360.1,35,1
ANI26360.1,36,1
ANI26360.1,37,1
ANI26360.1,38,1
ANI26360.1,39,1
ANI26360.1,40,1
ANI26360.1,41,1
ANI26360.1,42,1
ANI26360.1,43,1
ANI26360.1,44,1
ANI26360.1,45,1
ANI26360.1,46,-1
ANI26360.1,47,-1
ANI26360.1,48,-1
ANI26360.1,49,-1
ANI26360.1,50,-1
ANI26360.1,51,-1
ANI26360.1,52,1
ANI26360.1,53,1
ANI26360.1,54,-1
ANI26360.1,55,1
ANI26360.1,56,1
ANI26360.1,57,1
ANI26360.1,58,-1
ANI26360.1,59,-1
ANI26360.1,60,1
ANI26360.1,61,1
ANI26360.1,62,1
ANI26360.1,63,1
ANI26360.1,64,1
ANI26360.1,65,1
ANI26360.1,66,1
ANI26360.1,67,1
ANI26360.1,68,-1
ANI26360.1,69,-1
ANI26360.1,70,-1
ANI26360.1,71,-1
ANI26360.1,72,-1
ANI26360.1,73,-1
ANI26360.1,74,1
ANI26360.1,75,1
ANI26360.1,76,-1
ANI26360.1,77,-1
ANI26360.1,78,-1
ANI26360.1,79,-1
ANI26360.1,80,-1
ANI26360.1,81,-1
ANI26360.1,82,-1
ANI26360.1,83,-1
ANI26360.1,84,-1
ANI26360.1,85,-1
ANI26360.1,86,-1
ANI26360.1,87,-1
ANI26360.1,88,-1
ANI26360.1,89,-1
ANI26360.1,90,-1
ANI26360.1,91,1
ANI26360.1,92,1
ANI26360.1,93,1
ANI26360.1,94,1
ANI26360.1,95,1
ANI26360.1,96,1
ANI26360.1,97,1
ANI26360.1,98,1
ANI26360.1,99,1
ANI26360.1,100,1
ANI26360.1,101,1
ANI26360.1,102,1
ANI26360.1,103,1
ANI26360.1,104,-1
ANI26360.1,105,-1
ANI26360.1,106,-1
ANI26360.1,107,-1
ANI26360.1,108,-1
ANI26360.1,109,-1
ANI26360.1,110,-1
ANI26360.1,111,-1
ANI26360.1,112,-1
ANI26360.1,113,-1
ANI26360.1,114,-1
ANI26360.1,115,-1
ANI26360.1,116,-1
ANI26360.1,117,-1
ANI26360.1,118,-1
ANI26360.1,119,-1
ANI26360.1,120,-1
ANI26360.1,121,-1
ANI26360.1,122,-1
ANI26360.1,123,-1
ANI26360.1,124,-1
ANI26360.1,125,-1
ANI26360.1,126,-1
ANI26360.1,127,-1
ANI26360.1,128,-1
ANI26360.1,129,-1
ANI26360.1,130,-1
ANI26360.1,131,-1
ANI26360.1,132,-1
ANI26360.1,133,-1
ANI26360.1,134,-1
ANI26360.1,135,-1
ANI26360.1,136,-1
ANI26360.1,137,-1
ANI26360.1,138,-1
ANI26360.1,139,-1
ANI26360.1,140,-1
ANI26360.1,141,-1
ANI26360.1,142,-1
ANI26360.1,143,-1
ANI26360.1,144,-1
ANI26360.1,145,-1
ANI26360.1,146,-1
ANI26360.1,147,-1
ANI26360.1,148,-1
ANI26360.1,149,-1
ANI26360.1,150,-1
ANI26360.1,151,-1
ANI26360.1,152,-1
ANI26360.1,153,-1
ANI26360.1,154,1
ANI26360.1,155,1
ANI26360.1,156,1
ANI26360.1,157,1
ANI26360.1,158,1
ANI26360.1,159,1
ANI26360.1,160,1
ANI26360.1,161,1
ANI26360.1,162,1
ANI26360.1,163,1
ANI26360.1,164,1
ANI26360.1,165,-1
ANI26360.1,166,-1
ANI26360.1,167,-1
ANI26360.1,168,-1
ANI26360.1,169,-1
ANI26360.1,170,-1
ANI26360.1,171,-1
ANI26360.1,172,-1
ANI26360.1,173,-1
ANI26360.1,174,-1
ANI26360.1,175,-1
ANI26360.1,176,-1
ANI26360.1,177,-1
ANI26360.1,178,1
ANI26360.1,179,1
ANI26360.1,180,1
ANI26360.1,181,-1
ANI26360.1,182,-1
ANI26360.1,183,-1
ANI26360.1,184,1
ANI26360.1,185,-1
ANI26360.1,186,-1
ANI26360.1,187,-1
ANI26360.1,188,-1
ANI26360.1,189,-1
ANI26360.1,190,-1
ANI26360.1,191,-1
ANI26360.1,192,-1
ANI26360.1,193,-1
ANI26360.1,194,-1
ANI26360.1,195,-1
ANI26360.1,196,-1
ANI26360.1,197,-1
ANI26360.1,198,-1
ANI26360.1,199,-1
ANI26360.1,200,-1
ANI26360.1,201,-1
ANI26360.1,202,-1
ANI26360.1,203,-1
ANI26360.1,204,-1
ANI26360.1,205,-1
ANI26360.1,206,-1
ANI26360.1,207,-1
ANI26360.1,208,-1
ANI26360.1,209,-1
ANI26360.1,210,-1
ANI26360.1,211,-1
ANI26360.1,212,-1
ANI26360.1,213,-1
ANI26360.1,214,-1
ANI26360.1,215,-1
ANI26360.1,216,-1
ANI26360.1,217,-1
ANI26360.1,218,-1
ANI26360.1,219,-1
ANI26360.1,220,-1
ANI26360.1,221,-1
ANI26360.1,222,-1
ANI26360.1,223,-1
ANI26360.1,224,-1
ANI26360.1,225,-1
ANI26360.1,226,-1
ANI26360.1,227,-1
ANI26360.1,228,-1
ANI26360.1,229,-1
ANI26360.1,230,-1
ANI26360.1,231,-1
ANI26360.1,232,1
ANI26360.1,233,-1
ANI26360.1,234,-1
ANI26360.1,235,1
ANI26360.1,236,1
ANI26360.1,237,-1
ANI26360.1,238,-1
ANI26360.1,239,-1
ANI26360.1,240,-1
ANI26360.1,241,-1
ANI26360.1,242,-1
ANI26360.1,243,-1
ANI26360.1,244,-1
ANI26360.1,245,-1
ANI26360.1,246,-1
ANI26360.1,247,-1
ANI26360.1,248,-1
ANI26360.1,249,-1
ANI26360.1,250,-1
ANI26360.1,251,-1
ANI26360.1,252,-1
ANI26360.1,253,-1
ANI26360.1,254,-1
ANI26360.1,255,-1
ANI26360.1,256,1
ANI26360.1,257,-1
ANI26360.1,258,-1
ANI26360.1,259,-1
ANI26360.1,260,-1
ANI26360.1,261,-1
ANI26360.1,262,-1
ANI26360.1,263,-1
ANI26360.1,264,-1
ANI26360.1,265,-1
ANI26360.1,266,-1
ANI26360.1,267,-1
ANI26360.1,268,-1
ANI26360.1,269,-1
ANI26360.1,270,-1
ANI26360.1,271,-1
ANI26360.1,272,-1
ANI26360.1,273,-1
ANI26360.1,274,-1
ANI26360.1,275,-1
ANI26360.1,276,-1
ANI26360.1,277,-1
ANI26360.1,278,-1
ANI26360.1,279,-1
ANI26360.1,280,1
ANI26360.1,281,-1
ANI26360.1,282,-1
ANI26360.1,283,-1
ANI26360.1,284,-1
ANI26360.1,285,-1
ANI26360.1,286,-1
ANI26360.1,287,-1
ANI26360.1,288,-1
ANI26360.1,289,-1
ANI26360.1,290,-1
ANI26360.1,291,-1
ANI26360.1,292,-1
ANI26360.1,293,-1
ANI26360.1,294,-1
ANI26360.1,295,-1
ANI26360.1,296,-1
ANI26360.1,297,1
ANI26360.1,298,1
ANI26360.1,299,1
ANI26360.1,300,1
ANI26360.1,301,1
ANI26360.1,302,1
ANI26360.1,303,1
ANI26360.1,304,1
ANI26360.1,305,1
ANI26360.1,306,1
ANI26360.1,307,-1
ANI26360.1,308,-1
ANI26360.1,309,1
ANI26360.1,310,-1
ANI26360.1,311,1
ANI26360.1,312,1
ANI26360.1,313,1
ANI26360.1,314,1
ANI26360.1,315,1
ANI26360.1,316,1
ANI26360.1,317,1
ANI26360.1,318,1
ANI26360.1,319,1
ANI26360.1,320,1
ANI26360.1,321,1
ANI26360.1,322,1
ANI26360.1,323,1
ANI26360.1,324,1
ANI26360.1,325,1
ANI26360.1,326,1
ANI26360.1,327,1
ANI26360.1,328,1
ANI26360.1,329,1
ANI26360.1,330,1
ANI26360.1,331,1
ANI26360.1,332,1
ANI26360.1,333,1
ANI26360.1,334,1
ANI26360.1,335,-1
ANI26360.1,336,1
ANI26360.1,337,-1
ANI26360.1,338,-1
ANI26360.1,339,-1
ANI26360.1,340,-1
ANI26360.1,341,-1
ANI26360.1,342,-1
ANI26360.1,343,-1
ANI26360.1,344,-1
ANI26360.1,345,-1
ANI26360.1,346,-1
ANI26360.1,347,1
ANI26360.1,348,-1
ANI26360.1,349,-1
ANI26360.1,350,1
ANI26360.1,351,1
ANI26360.1,352,1
ANI26360.1,353,-1
ANI26360.1,354,1
ANI26360.1,355,1
ANI26360.1,356,1
ANI26360.1,357,1
ANI26360.1,358,1
ANI26360.1,359,1
ANI26360.1,360,1
ANI26360.1,361,1
ANI26360.1,362,1
ANI26360.1,363,1
ANI26360.1,364,1
ANI26360.1,365,1
ANI26360.1,366,1
ANI26360.1,367,1
ANI26360.1,368,1
ANI26360.1,369,1
ANI26360.1,370,1
ANI26360.1,371,1
ANI26360.1,372,1
ANI26360.1,373,1
ANI26360.1,374,1
ANI26360.1,375,1
ANI26360.1,376,1
ANI26360.1,377,1
ANI26360.1,378,1
ANI26360.1,379,1
ANI26360.1,380,1
ANI26360.1,381,1
ANI26360.1,382,1
ANI26360.1,383,1
ANI26360.1,384,1
ANI26360.1,385,1
ANI26360.1,386,1
ANI26360.1,387,1
ANI26360.1,388,1
ANI26360.1,389,1
ANI26360.1,390,1
ANI26360.1,391,1
ANI26360.1,392,1
ANI26360.1,393,1
ANI26360.1,394,1
ANI26360.1,395,1
ANI26360.1,396,1
ANI26360.1,397,1
ANI26360.1,398,1
ANI26360.1,399,-1
ANI26360.1,400,-1
ANI26360.1,401,-1
ANI26360.1,402,-1
ANI26360.1,403,-1
ANI26360.1,404,-1
ANI26360.1,405,1
ANI26360.1,406,1
ANI26360.1,407,1
ANI26360.1,408,1
ANI26360.1,409,1
ANI26360.1,410,1
ANI26360.1,411,1
ANI26360.1,412,1
ANI26360.1,413,1
ANI26360.1,414,1
ANI26360.1,415,1
ANI26360.1,416,1
ANI26360.1,417,1
ANI26360.1,418,1
ANI26360.1,419,1
ANI26360.1,420,1
ANI26360.1,421,1
ANI26360.1,422,1
ANI26360.1,423,1
ANI26360.1,424,1
ANI26360.1,425,1
ANI26360.1,426,1
ANI26360.1,427,1
ANI26360.1,428,1
ANI26360.1,429,1
ANI26360.1,430,1
ANI26360.1,431,1
ANI26360.1,432,1
ANI26360.1,433,1
ANI26360.1,434,1
ANI26360.1,435,1
ANI26360.1,436,1
ANI26360.1,437,1
ANI26360.1,438,1
ANI26360.1,439,1
ANI26360.1,440,1
ANI26360.1,441,1
ANI26360.1,442,1
ANI26360.1,443,1
ANI26360.1,444,1
ANI26360.1,445,1
ANI26360.1,446,-1
ANI26360.1,447,1
ANI26360.1,448,1
ANI26360.1,449,1
ANI26360.1,450,1
ANI26360.1,451,1
ANI26360.1,452,1
ANI26360.1,453,1
ANI26360.1,454,1
ANI26360.1,455,1
ANI26360.1,456,1
ANI26360.1,457,1
ANI26360.1,458,-1
ANI26360.1,459,1
ANI26360.1,460,1
ANI26360.1,461,-1
ANI26360.1,462,-1
ANI26360.1,463,-1
ANI26360.1,464,-1
ANI26360.1,465,-1
ANI26360.1,466,-1
ANI26360.1,467,-1
ANI26360.1,468,-1
ANI26360.1,469,1
ANI26360.1,470,1
ANI26360.1,471,1
ANI26360.1,472,1
ANI26360.1,473,1
ANI26360.1,474,1
ANI26360.1,475,1
ANI26360.1,476,-1
ANI26360.1,477,1
ANI26360.1,478,-1
ANI26360.1,479,-1
ANI26360.1,480,-1
ANI26360.1,481,-1
ANI26360.1,482,1
ANI26360.1,483,1
ANI26360.1,484,1
ANI26360.1,485,1
ANI26360.1,486,1
ANI26360.1,487,1
ANI26360.1,488,1
ANI26360.1,489,1
ANI26360.1,490,1
ANI26360.1,491,1
ANI26360.1,492,1
ANI26360.1,493,1
ANI26360.1,494,1
ANI26360.1,495,1
ANI26360.1,496,1
ANI26360.1,497,1
ANI26360.1,498,1
ANI26360.1,499,1
ANI26360.1,500,1
ANI26360.1,501,-1
ANI26360.1,502,1
ANI26360.1,503,-1
ANI26360.1,504,-1
ANI26360.1,505,-1
ANI26360.1,506,-1
ANI26360.1,507,-1
ANI26360.1,508,-1
ANI26360.1,509,-1
ANI26360.1,510,1
ANI26360.1,511,1
ANI26360.1,512,1
ANI26360.1,513,1
ANI26360.1,514,1
ANI26360.1,515,1
ANI26360.1,516,1
ANI26360.1,517,1
ANI26360.1,518,1
ANI26360.1,519,1
ANI26360.1,520,1
ANI26360.1,521,1
ANI26360.1,522,1
ANI26360.1,523,1
ANI26360.1,524,1
ANI26360.1,525,1
ANI26360.1,526,1
ANI26360.1,527,1
ANI26360.1,528,-1
ANI26360.1,529,1
ANI26360.1,530,-1
ANI26360.1,531,1
ANI26360.1,532,1
ANI26360.1,533,1
ANI26360.1,534,1
ANI26360.1,535,1
ANI26360.1,536,1
ANI26360.1,537,1
ANI26360.1,538,1
ANI26360.1,539,1
ANI26360.1,540,1
ANI26360.1,541,1
ANI26360.1,542,1
ANI26360.1,543,1
ANI26360.1,544,1
ANI26360.1,545,1
ANI26360.1,546,1
ANI26360.1,547,1
ANI26360.1,548,1
ANI26360.1,549,1
ANI26360.1,550,1
ANI26360.1,551,1
ANI26360.1,552,1
ANI26360.1,553,1
ANI26360.1,554,1
ANI26360.1,555,1
ANI26360.1,556,1
ANI26360.1,557,1
ANI26360.1,558,1
ANI26360.1,559,1
ANI26360.1,560,1
ANI26360.1,561,1
ANI26360.1,562,1
ANI26360.1,563,1
ANI26360.1,564,1
ANI26360.1,565,1
ANI26360.1,566,1
ANI26360.1,567,1
ANI26360.1,568,1
ANI26360.1,569,1
ANI26360.1,570,1
ANI26360.1,571,1
ANI26360.1,572,1
ANI26360.1,573,1
ANI26360.1,574,1
ANI26360.1,575,1
ANI26360.1,576,1
ANI26360.1,577,1
ANI26360.1,578,1
ANI26360.1,579,1
ANI26360.1,580,1
ANI26360.1,581,1
ANI26360.1,582,-1
ANI26360.1,583,-1
ANI26360.1,584,-1
ANI26360.1,585,-1
ANI26360.1,586,-1
ANI26360.1,587,1
ANI26360.1,588,-1
ANI26360.1,589,-1
ANI26360.1,590,1
ANI26360.1,591,1
ANI26360.1,592,1
ANI26360.1,593,1
ANI26360.1,594,1
ANI26360.1,595,1
ANI26360.1,596,1
ANI26360.1,597,1
ANI26360.1,598,1
ANI26360.1,599,1
ANI26360.1,600,1
ANI26360.1,601,1
ANI26360.1,602,-1
ANI26360.1,603,-1
ANI26360.1,604,1
ANI26360.1,605,-1
ANI26360.1,606,1
ANI26360.1,607,-1
ANI26360.1,608,-1
ANI26360.1,609,-1
ANI26360.1,610,-1
ANI26360.1,611,-1
ANI26360.1,612,-1
ANI26360.1,613,-1
ANI26360.1,614,-1
ANI26360.1,615,-1
ANI26360.1,616,-1
ANI26360.1,617,-1
ANI26360.1,618,-1
ANI26360.1,619,-1
ANI26360.1,620,-1
ANI26360.1,621,1
ANI26360.1,622,-1
ANI26360.1,623,1
ANI26360.1,624,1
ANI26360.1,625,1
ANI26360.1,626,1
ANI26360.1,627,1
ANI26360.1,628,1
ANI26360.1,629,1
ANI26360.1,630,1
ANI26360.1,631,1
ANI26360.1,632,1
ANI26360.1,633,1
ANI26360.1,634,1
ANI26360.1,635,-1
ANI26360.1,636,1
ANI26360.1,637,1
ANI26360.1,638,1
ANI26360.1,639,-1
ANI26360.1,640,-1
ANI26360.1,641,-1
ANI26360.1,642,-1
ANI26360.1,643,-1
ANI26360.1,644,-1
ANI26360.1,645,-1
ANI26360.1,646,-1
ANI26360.1,647,-1
ANI26360.1,648,-1
ANI26360.1,649,-1
ANI26360.1,650,-1
ANI26360.1,651,-1
ANI26360.1,652,-1
ANI26360.1,653,-1
ANI26360.1,654,-1
ANI26360.1,655,1
ANI26360.1,656,1
ANI26360.1,657,1
ANI26360.1,658,1
ANI26360.1,659,1
ANI26360.1,660,1
ANI26360.1,661,1
ANI26360.1,662,1
ANI26360.1,663,-1
ANI26360.1,664,1
ANI26360.1,665,1
ANI26360.1,666,-1
ANI26360.1,667,-1
ANI26360.1,668,1
ANI26360.1,669,1
ANI26360.1,670,1
ANI26360.1,671,-1
ANI26360.1,672,1
ANI26360.1,673,1
ANI26360.1,674,1
ANI26360.1,675,1
ANI26360.1,676,1
ANI26360.1,677,1
ANI26360.1,678,1
ANI26360.1,679,1
ANI26360.1,680,1
ANI26360.1,681,1
ANI26360.1,682,1
ANI26360.1,683,1
ANI26360.1,684,1
ANI26360.1,685,1
ANI26360.1,686,1
ANI26360.1,687,-1
ANI26360.1,688,1
ANI26360.1,689,1
ANI26360.1,690,1
ANI26360.1,691,1
ANI26360.1,692,1
ANI26360.1,693,1
ANI26360.1,694,1
ANI26360.1,695,1
ANI26360.1,696,1
ANI26360.1,697,1
ANI26360.1,698,1
ANI26360.1,699,1
ANI26360.1,700,1
ANI26360.1,701,1
ANI26360.1,702,-1
ANI26360.1,703,-1
ANI26360.1,704,1
ANI26360.1,705,1
ANI26360.1,706,1
ANI26360.1,707,1
ANI26360.1,708,1
ANI26360.1,709,1
ANI26360.1,710,1
ANI26360.1,711,1
ANI26360.1,712,1
ANI26360.1,713,1
ANI26360.1,714,1
ANI26360.1,715,1
ANI26360.1,716,1
ANI26360.1,717,1
ANI26360.1,718,1
ANI26360.1,719,1
ANI26360.1,720,1
ANI26360.1,721,1
ANI26360.1,722,1
ANI26360.1,723,1
ANI26360.1,724,1
ANI26360.1,725,1
ANI26360.1,726,1
ANI26360.1,727,1
ANI26360.1,728,1
ANI26360.1,729,1
ANI26360.1,730,1
ANI26360.1,731,1
ANI26360.1,732,1
ANI26360.1,733,1
ANI26360.1,734,1
ANI26360.1,735,1
ANI26360.1,736,1
ANI26360.1,737,1
ANI26360.1,738,1
ANI26360.1,739,1
ANI26360.1,740,1
ANI26360.1,741,1
ANI26360.1,742,1
ANI26360.1,743,1
ANI26360.1,744,1
ANI26360.1,745,1
ANI26360.1,746,1
ANI26360.1,747,1
ANI26360.1,748,1
ANI26360.1,749,1
ANI26360.1,750,1
ANI26360.1,751,1
ANI26360.1,752,1
ANI26360.1,753,1
ANI26360.1,754,1
ANI26360.1,755,1
ANI26360.1,756,1
ANI26360.1,757,1
ANI26360.1,758,1
ANI26360.1,759,1
ANI26360.1,760,1
ANI26360.1,761,1
ANI26360.1,762,1
ANI26360.1,763,1
ANI26360.1,764,1
ANI26360.1,765,1
ANI26360.1,766,1
ANI26360.1,767,1
ANI26360.1,768,1
ANI26360.1,769,1
ANI26360.1,770,1
ANI26360.1,771,1
ANI26360.1,772,1
ANI26360.1,773,1
ANI26360.1,774,1
ANI26360.1,775,1
ANI26360.1,776,1
ANI26360.1,777,1
ANI26360.1,778,1
ANI26360.1,779,1
ANI26360.1,780,1
ANI26360.1,781,1
ANI26360.1,782,1
ANI26360.1,783,1
ANI26360.1,784,1
ANI26360.1,785,1
ANI26360.1,786,1
ANI26360.1,787,1
ANI26360.1,788,1
ANI26360.1,789,1
ANI26360.1,790,1
ANI26360.1,791,1
ANI26360.1,792,1
ANI26360.1,793,1
ANI26360.1,794,1
ANI26360.1,795,-1
ANI26360.1,796,-1
ANI26360.1,797,-1
ANI26360.1,798,1
ANI26360.1,799,1
ANI26360.1,800,1
ANI26360.1,801,1
ANI26360.1,802,1
ANI26360.1,803,1
ANI26360.1,804,1
ANI26360.1,805,1
ANI26360.1,806,1
ANI26360.1,807,1
ANI26360.1,808,1
ANI26360.1,809,1
ANI26360.1,810,1
ANI26360.1,811,1
ANI26360.1,812,-1
ANI26360.1,813,1
ANI26360.1,814,1
ANI26360.1,815,1
ANI26360.1,816,1
ANI26360.1,817,1
ANI26360.1,818,1
ANI26360.1,819,1
ANI26360.1,820,1
ANI26360.1,821,1
ANI26360.1,822,1
ANI26360.1,823,1
ANI26360.1,824,1
ANI26360.1,825,1
ANI26360.1,826,1
ANI26360.1,827,1
ANI26360.1,828,1
ANI26360.1,829,1
ANI26360.1,830,1
ANI26360.1,831,-1
ANI26360.1,832,1
ANI26360.1,833,1
ANI26360.1,834,1
ANI26360.1,835,-1
ANI26360.1,836,1
ANI26360.1,837,-1
ANI26360.1,838,-1
ANI26360.1,839,-1
ANI26360.1,840,1
ANI26360.1,841,1
ANI26360.1,842,1
ANI26360.1,843,1
ANI26360.1,844,1
ANI26360.1,845,1
ANI26360.1,846,1
ANI26360.1,847,1
ANI26360.1,848,1
ANI26360.1,849,1
ANI26360.1,850,-1
ANI26360.1,851,-1
ANI26360.1,852,1
ANI26360.1,853,1
ANI26360.1,854,1
ANI26360.1,855,1
ANI26360.1,856,1
ANI26360.1,857,1
ANI26360.1,858,1
ANI26360.1,859,1
ANI26360.1,860,1
ANI26360.1,861,1
ANI26360.1,862,1
ANI26360.1,863,1
ANI26360.1,864,1
ANI26360.1,865,1
ANI26360.1,866,1
ANI26360.1,867,-1
ANI26360.1,868,-1
ANI26360.1,869,-1
ANI26360.1,870,1
ANI26360.1,871,1
ANI26360.1,872,1
ANI26360.1,873,-1
ANI26360.1,874,-1
ANI26360.1,875,-1
ANI26360.1,876,-1
ANI26360.1,877,1
ANI26360.1,878,1
ANI26360.1,879,1
ANI26360.1,880,-1
ANI26360.1,881,-1
ANI26360.1,882,-1
ANI26360.1,883,-1
ANI26360.1,884,1
ANI26360.1,885,-1
ANI26360.1,886,-1
ANI26360.1,887,-1
ANI26360.1,888,-1
ANI26360.1,889,-1
ANI26360.1,890,1
ANI26360.1,891,1
ANI26360.1,892,1
ANI26360.1,893,1
ANI26360.1,894,1
ANI26360.1,895,1
ANI26360.1,896,1
ANI26360.1,897,1
ANI26360.1,898,1
ANI26360.1,899,1
ANI26360.1,900,1
ANI26360.1,901,1
ANI26360.1,902,1
ANI26360.1,903,1
ANI26360.1,904,1
ANI26360.1,905,1
ANI26360.1,906,1
ANI26360.1,907,1
ANI26360.1,908,-1
ANI26360.1,909,-1
ANI26360.1,910,1
ANI26360.1,911,-1
ANI26360.1,912,-1
ANI26360.1,913,-1
ANI26360.1,914,-1
ANI26360.1,915,-1
ANI26360.1,916,-1
ANI26360.1,917,-1
ANI26360.1,918,-1
ANI26360.1,919,-1
ANI26360.1,920,-1
ANI26360.1,921,-1
ANI26360.1,922,-1
ANI26360.1,923,-1
ANI26360.1,924,-1
ANI26360.1,925,-1
ANI26360.1,926,-1
ANI26360.1,927,-1
ANI26360.1,928,-1
ANI26360.1,929,-1
ANI26360.1,930,-1
ANI26360.1,931,-1
ANI26360.1,932,-1
ANI26360.1,933,-1
ANI26360.1,934,-1
ANI26360.1,935,-1
ANI26360.1,936,-1
ANI26360.1,937,-1
ANI26360.1,938,-1
ANI26360.1,939,-1
ANI26360.1,940,1
ANI26360.1,941,1
ANI26360.1,942,1
ANI26360.1,943,-1
ANI26360.1,944,1
ANI26360.1,945,-1
ANI26360.1,946,-1
ANI26360.1,947,1
ANI26360.1,948,1
ANI26360.1,949,1
ANI26360.1,950,1
ANI26360.1,951,1
ANI26360.1,952,1
ANI26360.1,953,1
ANI26360.1,954,1
ANI26360.1,955,1
ANI26360.1,956,1
ANI26360.1,957,1
ANI26360.1,958,1
ANI26360.1,959,1
ANI26360.1,960,1
ANI26360.1,961,1
ANI26360.1,962,1
ANI26360.1,963,1
ANI26360.1,964,-1
ANI26360.1,965,1
ANI26360.1,966,1
ANI26360.1,967,1
ANI26360.1,968,-1
ANI26360.1,969,1
ANI26360.1,970,-1
ANI26360.1,971,-1
ANI26360.1,972,-1
ANI26360.1,973,-1
ANI26360.1,974,-1
ANI26360.1,975,-1
ANI26360.1,976,-1
ANI26360.1,977,-1
ANI26360.1,978,-1
ANI26360.1,979,-1
ANI26360.1,980,-1
ANI26360.1,981,-1
ANI26360.1,982,-1
ANI26360.1,983,-1
ANI26360.1,984,-1
ANI26360.1,985,-1
ANI26360.1,986,-1
ANI26360.1,987,-1
ANI26360.1,988,-1
ANI26360.1,989,1
ANI26360.1,990,1
ANI26360.1,991,-1
ANI26360.1,992,-1
ANI26360.1,993,-1
ANI26360.1,994,-1
ANI26360.1,995,-1
ANI26360.1,996,-1
ANI26360.1,997,-1
ANI26360.1,998,-1
ANI26360.1,999,-1
ANI26360.1,1000,-1
ANI26360.1,1001,-1
ANI26360.1,1002,-1
ANI26360.1,1003,-1
ANI26360.1,1004,-1
ANI26401.1,1,-1
ANI26401.1,2,-1
ANI26401.1,3,-1
ANI26401.1,4,-1
ANI26401.1,5,-1
ANI26401.1,6,-1
ANI26401.1,7,1
ANI26401.1,8,1
ANI26401.1,9,1
ANI26401.1,10,1
ANI26401.1,11,1
ANI26401.1,12,1
ANI26401.1,13,1
ANI26401.1,14,1
ANI26401.1,15,1
ANI26401.1,16,1
ANI26401.1,17,1
ANI26401.1,18,1
ANI26401.1,19,1
ANI26401.1,20,1
ANI26401.1,21,1
ANI26401.1,22,1
ANI26401.1,23,1
ANI26401.1,24,1
ANI26401.1,25,-1
ANI26401.1,26,-1
ANI26401.1,27,-1
ANI26401.1,28,-1
ANI26401.1,29,-1
ANI26401.1,30,-1
ANI26401.1,31,-1
ANI26401.1,32,-1
ANI26401.1,33,-1
ANI26401.1,34,-1
ANI26401.1,35,-1
ANI26401.1,36,-1
ANI26401.1,37,-1
ANI26401.1,38,-1
ANI26401.1,39,-1
ANI26401.1,40,1
ANI26401.1,41,1
ANI26401.1,42,1
ANI26401.1,43,1
ANI26401.1,44,1
ANI26401.1,45,1
ANI26401.1,46,1
ANI26401.1,47,1
ANI26401.1,48,-1
ANI26401.1,49,-1
ANI26401.1,50,-1
ANI26401.1,51,-1
ANI26401.1,52,-1
ANI26401.1,53,-1
ANI26401.1,54,-1
ANI26401.1,55,-1
ANI26401.1,56,-1
ANI26401.1,57,-1
ANI26401.1,58,-1
ANI26401.1,59,-1
ANI26401.1,60,-1
ANI26401.1,61,-1
ANI26401.1,62,-1
ANI26401.1,63,-1
ANI26401.1,64,-1
ANI26401.1,65,-1
ANI26401.1,66,-1
ANI26401.1,67,-1
ANI26401.1,68,-1
ANI26401.1,69,-1
ANI26401.1,70,-1
ANI26401.1,71,-1
ANI26401.1,72,-1
ANI26401.1,73,-1
ANI26401.1,74,1
ANI26401.1,75,1
ANI26401.1,76,-1
ANI26401.1,77,-1
ANI26401.1,78,1
ANI26401.1,79,1
ANI26401.1,80,1
ANI26401.1,81,-1
ANI26401.1,82,-1
ANI26401.1,83,1
ANI26401.1,84,1
ANI26401.1,85,-1
ANI26401.1,86,-1
ANI26401.1,87,-1
ANI26401.1,88,1
ANI26401.1,89,1
ANI26401.1,90,-1
ANI26401.1,91,-1
ANI26401.1,92,-1
ANI26401.1,93,-1
ANI26401.1,94,-1
ANI26401.1,95,-1
ANI26401.1,96,-1
ANI26401.1,97,-1
ANI26401.1,98,-1
ANI26401.1,99,-1
ANI26401.1,100,-1
ANI26401.1,101,-1
ANI26401.1,102,-1
ANI26401.1,103,1
ANI26401.1,104,-1
ANI26401.1,105,-1
ANI26401.1,106,1
ANI26401.1,107,1
ANI26401.1,108,1
ANI26401.1,109,-1
ANI26401.1,110,1
ANI26401.1,111,1
ANI26401.1,112,1
ANI26401.1,113,-1
ANI26401.1,114,-1
ANI26401.1,115,-1
ANI26401.1,116,-1
ANI26401.1,117,-1
ANI26401.1,118,-1
ANI26401.1,119,-1
ANI26401.1,120,-1
ANI26401.1,121,-1
ANI26401.1,122,-1
ANI26401.1,123,-1
ANI26401.1,124,-1
ANI26401.1,125,-1
ANI26401.1,126,-1
ANI26401.1,127,-1
ANI26401.1,128,-1
ANI26401.1,129,-1
ANI26401.1,130,-1
ANI26401.1,131,-1
ANI26401.1,132,-1
ANI26401.1,133,-1
ANI26401.1,134,-1
ANI26401.1,135,-1
ANI26401.1,136,-1
ANI26401.1,137,-1
ANI26401.1,138,-1
ANI26401.1,139,-1
ANI26401.1,140,-1
ANI26401.1,141,-1
ANI26401.1,142,-1
ANI26401.1,143,-1
ANI26401.1,144,-1
ANI26401.1,145,-1
ANI26401.1,146,-1
ANI26401.1,147,-1
ANI26401.1,148,-1
ANI26401.1,149,-1
ANI26401.1,150,-1
ANI26401.1,151,-1
ANI26401.1,152,-1
ANI26401.1,153,1
ANI26401.1,154,1
ANI26401.1,155,-1
ANI26401.1,156,-1
ANI26401.1,157,-1
ANI26401.1,158,1
ANI26401.1,159,-1
ANI26401.1,160,-1
ANI26401.1,161,-1
ANI26401.1,162,-1
ANI26401.1,163,-1
ANI26401.1,164,-1
ANI26401.1,165,-1
ANI26401.1,166,-1
ANI26401.1,167,-1
ANI26401.1,168,-1
ANI26401.1,169,-1
ANI26401.1,170,-1
ANI26401.1,171,-1
ANI26401.1,172,-1
ANI26401.1,173,1
ANI26401.1,174,1
ANI26401.1,175,1
ANI26401.1,176,1
ANI26401.1,177,1
ANI26401.1,178,1
ANI26401.1,179,1
ANI26401.1,180,1
ANI26401.1,181,1
ANI26401.1,182,-1
ANI26401.1,183,-1
ANI26401.1,184,-1
ANI26401.1,185,-1
ANI26401.1,186,-1
ANI26401.1,187,-1
ANI26401.1,188,-1
ANI26401.1,189,-1
ANI26401.1,190,-1
ANI26401.1,191,-1
ANI26401.1,192,-1
ANI26401.1,193,-1
ANI26401.1,194,-1
ANI26401.1,195,1
ANI26401.1,196,1
ANI26401.1,197,-1
ANI26401.1,198,-1
ANI26401.1,199,-1
ANI26401.1,200,-1
ANI26401.1,201,1
ANI26401.1,202,1
ANI26401.1,203,1
ANI26401.1,204,1
ANI26401.1,205,1
ANI26401.1,206,-1
ANI26401.1,207,-1
ANI26401.1,208,-1
ANI26401.1,209,-1
ANI26401.1,210,-1
ANI26401.1,211,-1
ANI26401.1,212,-1
ANI26401.1,213,-1
ANI26401.1,214,-1
ANI26401.1,215,-1
ANI26401.1,216,-1
ANI26401.1,217,-1
ANI26401.1,218,-1
ANI26401.1,219,-1
ANI26401.1,220,-1
ANI26401.1,221,1
ANI26401.1,222,1
ANI26401.1,223,-1
ANI26401.1,224,-1
ANI26401.1,225,-1
ANI26401.1,226,-1
ANI26401.1,227,-1
ANI26401.1,228,-1
ANI26401.1,229,-1
ANI26401.1,230,-1
ANI26401.1,231,-1
ANI26401.1,232,-1
ANI26401.1,233,-1
ANI26401.1,234,-1
ANI26401.1,235,-1
ANI26401.1,236,-1
ANI26401.1,237,-1
ANI26401.1,238,-1
ANI26401.1,239,-1
ANI26401.1,240,-1
ANI26401.1,241,-1
ANI26401.1,242,-1
ANI26401.1,243,-1
ANI26401.1,244,-1
ANI26401.1,245,-1
ANI26401.1,246,-1
ANI26401.1,247,-1
ANI26401.1,248,-1
ANI26401.1,249,-1
ANI26401.1,250,-1
ANI26401.1,251,-1
ANI26401.1,252,-1
ANI26401.1,253,-1
ANI26401.1,254,-1
ANI26401.1,255,-1
ANI26401.1,256,-1
ANI26401.1,257,-1
ANI26401.1,258,-1
ANI26401.1,259,-1
ANI26401.1,260,-1
ANI26401.1,261,-1
ANI26401.1,262,-1
ANI26401.1,263,1
ANI26401.1,264,1
ANI26401.1,265,1
ANI26401.1,266,1
ANI26401.1,267,1
ANI26401.1,268,-1
ANI26401.1,269,-1
ANI26401.1,270,-1
ANI26401.1,271,1
ANI26401.1,272,1
ANI26401.1,273,1
ANI26401.1,274,1
ANI26401.1,275,1
ANI26401.1,276,-1
ANI26401.1,277,-1
ANI26401.1,278,-1
ANI26401.1,279,-1
ANI26401.1,280,-1
ANI26401.1,281,-1
ANI26401.1,282,-1
ANI26401.1,283,-1
ANI26401.1,284,-1
ANI26401.1,285,-1
ANI26401.1,286,1
ANI26401.1,287,1
ANI26401.1,288,1
ANI26401.1,289,1
ANI26401.1,290,-1
ANI26401.1,291,-1
ANI26401.1,292,-1
ANI26401.1,293,-1
ANI26401.1,294,-1
ANI26401.1,295,-1
ANI26401.1,296,-1
ANI26401.1,297,-1
ANI26401.1,298,-1
ANI26401.1,299,-1
ANI26401.1,300,-1
ANI26401.1,301,-1
ANI26401.1,302,-1
ANI26401.1,303,1
ANI26401.1,304,1
ANI26401.1,305,1
ANI26401.1,306,1
ANI26401.1,307,1
ANI26401.1,308,1
ANI26401.1,309,-1
ANI26401.1,310,-1
ANI26401.1,311,-1
ANI26401.1,312,-1
ANI26401.1,313,-1
ANI26401.1,314,-1
ANI26401.1,315,-1
ANI26401.1,316,-1
ANI26401.1,317,-1
ANI26401.1,318,-1
ANI26401.1,319,-1
ANI26401.1,320,-1
ANI26401.1,321,-1
ANI26401.1,322,-1
ANI26401.1,323,-1
ANI26401.1,324,-1
ANI26401.1,325,-1
ANI26401.1,326,-1
ANI26401.1,327,-1
ANI26401.1,328,-1
ANI26401.1,329,-1
ANI26401.1,330,1
ANI26401.1,331,1
ANI26401.1,332,-1
ANI26401.1,333,-1
ANI26401.1,334,-1
ANI26401.1,335,-1
ANI26401.1,336,-1
ANI26401.1,337,-1
ANI26401.1,338,-1
ANI26401.1,339,-1
ANI26401.1,340,-1
ANI26401.1,341,-1
ANI26401.1,342,-1
ANI26401.1,343,-1
ANI26401.1,344,-1
ANI26401.1,345,-1
ANI26401.1,346,-1
ANI26401.1,347,-1
ANI26401.1,348,-1
ANI26401.1,349,-1
ANI26401.1,350,-1
ANI26401.1,351,-1
ANI26401.1,352,-1
ANI26401.1,353,-1
ANI26401.1,354,-1
ANI26401.1,355,-1
ANI26401.1,356,1
ANI26401.1,357,-1
ANI26401.1,358,-1
ANI26401.1,359,-1
ANI26401.1,360,-1
ANI26401.1,361,-1
ANI26401.1,362,-1
ANI26401.1,363,-1
ANI26401.1,364,-1
ANI26401.1,365,-1
ANI26401.1,366,-1
ANI26401.1,367,-1
ANI26401.1,368,-1
ANI26401.1,369,-1
ANI26401.1,370,-1
ANI26401.1,371,-1
ANI26401.1,372,-1
ANI26401.1,373,-1
ANI26401.1,374,-1
ANI26401.1,375,-1
ANI26401.1,376,-1
ANI26401.1,377,-1
ANI26401.1,378,-1
ANI26401.1,379,-1
ANI26401.1,380,-1
ANI26401.1,381,-1
ANI26401.1,382,1
ANI26401.1,383,1
ANI26401.1,384,1
ANI26401.1,385,1
ANI26401.1,386,-1
ANI26401.1,387,-1
ANI26401.1,388,-1
ANI26401.1,389,-1
ANI26401.1,390,1
ANI26401.1,391,-1
ANI26401.1,392,-1
ANI26401.1,393,-1
ANI26401.1,394,-1
ANI26401.1,395,1
ANI26401.1,396,1
ANI26401.1,397,1
ANI26401.1,398,1
ANI26401.1,399,-1
ANI26401.1,400,-1
ANI26401.1,401,-1
ANI26401.1,402,-1
ANI26401.1,403,-1
ANI26401.1,404,-1
ANI26401.1,405,-1
ANI26401.1,406,-1
ANI26401.1,407,-1
ANI26401.1,408,-1
ANI26401.1,409,-1
ANI26401.1,410,-1
ANI26401.1,411,-1
ANI26401.1,412,-1
ANI26401.1,413,-1
ANI26401.1,414,-1
ANI26401.1,415,-1
ANI26401.1,416,1
ANI26401.1,417,1
ANI26401.1,418,1
ANI26401.1,419,1
ANI26401.1,420,1
ANI26401.1,421,1
ANI26401.1,422,1
ANI26401.1,423,1
ANI26401.1,424,1
ANI26401.1,425,1
ANI26401.1,426,-1
ANI26401.1,427,-1
ANI26401.1,428,-1
ANI26401.1,429,-1
ANI26401.1,430,-1
ANI26401.1,431,-1
ANI26401.1,432,-1
ANI26401.1,433,-1
ANI26401.1,434,-1
ANI26401.1,435,-1
ANI26401.1,436,-1
ANI26401.1,437,-1
ANI26401.1,438,-1
ANI26401.1,439,-1
ANI26401.1,440,-1
ANI26401.1,441,-1
ANI26401.1,442,-1
ANI26401.1,443,-1
ANI26401.1,444,-1
ANI26401.1,445,-1
ANI26401.1,446,-1
ANI26401.1,447,-1
ANI26401.1,448,-1
ANI26401.1,449,-1
ANI26401.1,450,1
ANI26401.1,451,1
ANI26401.1,452,1
ANI26401.1,453,-1
ANI26401.1,454,1
ANI26401.1,455,1
ANI26401.1,456,-1
ANI26401.1,457,-1
ANI26401.1,458,-1
ANI26401.1,459,-1
ANI26401.1,460,-1
ANI26401.1,461,-1
ANI26401.1,462,-1
ANI26401.1,463,-1
ANI26401.1,464,-1
ANI26401.1,465,-1
ANI26401.1,466,-1
ANI26401.1,467,1
ANI26401.1,468,1
ANI26401.1,469,1
ANI26401.1,470,1
ANI26401.1,471,-1
ANI26401.1,472,1
ANI26401.1,473,-1
ANI26401.1,474,-1
ANI26401.1,475,-1
ANI26401.1,476,-1
ANI26401.1,477,-1
ANI26401.1,478,-1
ANI26401.1,479,-1
ANI26401.1,480,-1
ANI26401.1,481,-1
ANI26401.1,482,-1
ANI26401.1,483,-1
ANI26401.1,484,1
ANI26401.1,485,-1
ANI26401.1,486,1
ANI26401.1,487,-1
ANI26401.1,488,-1
ANI26401.1,489,-1
ANI26401.1,490,-1
ANI26401.1,491,-1
ANI26401.1,492,-1
ANI26401.1,493,-1
ANI26401.1,494,-1
ANI26401.1,495,-1
ANI26401.1,496,-1
ANI26401.1,497,-1
ANI26401.1,498,-1
ANI26401.1,499,-1
ANI26401.1,500,-1
ANI26401.1,501,-1
ANI26401.1,502,-1
ANI26401.1,503,-1
ANI26401.1,504,-1
ANI26401.1,505,-1
ANI26401.1,506,-1
ANI26401.1,507,-1
ANI26401.1,508,-1
ANI26401.1,509,-1
ANI26401.1,510,-1
ANI26401.1,511,-1
ANI26401.1,512,-1
ANI26401.1,513,-1
ANI26401.1,514,-1
ANI26401.1,515,-1
ANI26401.1,516,-1
ANI26401.1,517,-1
ANI26401.1,518,-1
ANI26401.1,519,-1
ANI26401.1,520,-1
ANI26401.1,521,-1
ANI26401.1,522,-1
ANI26401.1,523,-1
ANI26401.1,524,-1
ANI26401.1,525,-1
ANI26401.1,526,-1
ANI26401.1,527,-1
ANI26401.1,528,-1
ANI26401.1,529,-1
ANI26401.1,530,-1
ANI26401.1,531,-1
ANI26401.1,532,-1
ANI26401.1,533,-1
ANI26401.1,534,-1
ANI26401.1,535,-1
ANI26401.1,536,-1
ANI26401.1,537,-1
ANI26401.1,538,-1
ANI26401.1,539,-1
ANI26401.1,540,-1
ANI26401.1,541,-1
ANI26401.1,542,-1
ANI26401.1,543,-1
ANI26401.1,544,-1
ANI26401.1,545,-1
ANI26401.1,546,-1
ANI26401.1,547,-1
ANI26401.1,548,-1
ANI26401.1,549,-1
ANI26401.1,550,-1
ANI26401.1,551,-1
ANI26401.1,552,-1
ANI26401.1,553,-1
ANI26401.1,554,-1
ANI26401.1,555,-1
ANI26401.1,556,-1
ANI26401.1,557,-1
ANI26401.1,558,1
ANI26401.1,559,1
ANI26401.1,560,1
ANI26401.1,561,1
ANI26401.1,562,-1
ANI26401.1,563,-1
ANI26401.1,564,-1
ANI26401.1,565,-1
ANI26401.1,566,-1
ANI26401.1,567,-1
ANI26401.1,568,-1
ANI26401.1,569,-1
ANI26401.1,570,-1
ANI26401.1,571,-1
ANI26401.1,572,-1
ANI26401.1,573,-1
ANI26401.1,574,-1
ANI26401.1,575,-1
ANI26401.1,576,-1
ANI26401.1,577,-1
ANI26401.1,578,-1
ANI26401.1,579,-1
ANI26401.1,580,-1
ANI26401.1,581,-1
ANI26401.1,582,-1
ANI26401.1,583,-1
ANI26401.1,584,-1
ANI26401.1,585,-1
ANI26401.1,586,-1
ANI26401.1,587,-1
ANI26401.1,588,-1
ANI26401.1,589,-1
ANI26401.1,590,-1
ANI26401.1,591,-1
ANI26401.1,592,-1
ANI26401.1,593,-1
ANI26401.1,594,-1
ANI26401.1,595,-1
ANI26401.1,596,-1
ANI26401.1,597,-1
ANI26401.1,598,1
ANI26401.1,599,1
ANI26401.1,600,-1
ANI26401.1,601,-1
ANI26401.1,602,-1
ANI26401.1,603,-1
ANI26401.1,604,1
ANI26401.1,605,1
ANI26401.1,606,1
ANI26401.1,607,1
ANI26401.1,608,1
ANI26401.1,609,1
ANI26401.1,610,1
ANI26401.1,611,1
ANI26401.1,612,1
ANI26401.1,613,1
ANI26401.1,614,1
ANI26401.1,615,-1
ANI26401.1,616,-1
ANI26401.1,617,-1
ANI26401.1,618,-1
ANI26401.1,619,-1
ANI26401.1,620,-1
ANI26401.1,621,-1
ANI26401.1,622,1
ANI26401.1,623,-1
ANI26401.1,624,-1
ANI26401.1,625,-1
ANI26401.1,626,1
ANI26401.1,627,-1
ANI26401.1,628,-1
ANI26401.1,629,1
ANI26401.1,630,1
ANI26401.1,631,1
ANI26401.1,632,1
ANI26401.1,633,1
ANI26401.1,634,1
ANI26401.1,635,1
ANI26401.1,636,1
ANI26401.1,637,1
ANI26401.1,638,1
ANI26401.1,639,1
ANI26401.1,640,-1
ANI26401.1,641,-1
ANI26401.1,642,-1
ANI26401.1,643,-1
ANI26401.1,644,-1
ANI26401.1,645,-1
ANI26401.1,646,-1
ANI26401.1,647,-1
ANI26401.1,648,-1
ANI26401.1,649,-1
ANI26401.1,650,-1
ANI26401.1,651,-1
ANI26401.1,652,-1
ANI26401.1,653,-1
ANI26401.1,654,-1
ANI26401.1,655,-1
ANI26401.1,656,-1
ANI26401.1,657,-1
ANI26401.1,658,-1
ANI26401.1,659,-1
ANI26401.1,660,-1
ANI26401.1,661,-1
ANI26401.1,662,-1
ANI26401.1,663,-1
ANI26401.1,664,1
ANI26401.1,665,1
ANI26401.1,666,1
ANI26401.1,667,1
ANI26401.1,668,1
ANI26401.1,669,1
ANI26401.1,670,1
ANI26401.1,671,1
ANI26401.1,672,1
ANI26401.1,673,1
ANI26401.1,674,1
ANI26401.1,675,-1
ANI26401.1,676,-1
ANI26401.1,677,-1
ANI26401.1,678,-1
ANI26401.1,679,-1
ANI26401.1,680,-1
ANI26401.1,681,-1
ANI26401.1,682,-1
ANI26401.1,683,-1
ANI26401.1,684,-1
ANI26401.1,685,-1
ANI26401.1,686,-1
ANI26401.1,687,-1
ANI26401.1,688,-1
ANI26401.1,689,-1
ANI26401.1,690,-1
ANI26401.1,691,-1
ANI26401.1,692,-1
ANI26401.1,693,-1
ANI26401.1,694,-1
ANI26401.1,695,-1
ANI26401.1,696,-1
ANI26401.1,697,-1
ANI26401.1,698,-1
ANI26401.1,699,-1
ANI26401.1,700,-1
ANI26401.1,701,-1
ANI26401.1,702,-1
ANI26401.1,703,-1
ANI26401.1,704,-1
ANI26401.1,705,-1
ANI26401.1,706,-1
ANI26401.1,707,-1
ANI26401.1,708,-1
ANI26401.1,709,-1
ANI26401.1,710,-1
ANI26401.1,711,-1
ANI26401.1,712,-1
ANI26401.1,713,-1
ANI26401.1,714,-1
ANI26401.1,715,-1
ANI26401.1,716,-1
ANI26401.1,717,-1
ANI26401.1,718,-1
ANI26401.1,719,-1
ANI26401.1,720,-1
ANI26401.1,721,-1
ANI26401.1,722,-1
ANI26401.1,723,-1
ANI26401.1,724,-1
ANI26401.1,725,-1
ANI26401.1,726,-1
ANI26401.1,727,-1
ANI26401.1,728,-1
ANI26401.1,729,-1
ANI26401.1,730,-1
ANI26401.1,731,-1
ANI26401.1,732,-1
ANI26401.1,733,-1
ANI26401.1,734,1
ANI26401.1,735,-1
ANI26401.1,736,-1
ANI26401.1,737,-1
ANI26401.1,738,1
ANI26401.1,739,1
ANI26401.1,740,1
ANI26401.1,741,1
ANI26401.1,742,1
ANI26401.1,743,1
ANI26401.1,744,1
ANI26401.1,745,1
ANI26401.1,746,1
ANI26401.1,747,1
ANI26401.1,748,1
ANI26401.1,749,1
ANI26401.1,750,1
ANI26401.1,751,1
ANI26401.1,752,-1
ANI26401.1,753,-1
ANI26401.1,754,-1
ANI26401.1,755,-1
ANI26401.1,756,-1
ANI26401.1,757,-1
ANI26401.1,758,-1
ANI26401.1,759,-1
ANI26401.1,760,-1
ANI26401.1,761,-1
ANI26401.1,762,-1
ANI26401.1,763,-1
ANI26401.1,764,-1
ANI26401.1,765,-1
ANI26401.1,766,-1
ANI26401.1,767,-1
ANI26401.1,768,-1
ANI26401.1,769,-1
ANI26401.1,770,-1
ANI26401.1,771,-1
ANI26401.1,772,-1
ANI26401.1,773,-1
ANI26401.1,774,-1
ANI26401.1,775,-1
ANI26401.1,776,-1
ANI26401.1,777,-1
ANI26401.1,778,-1
ANI26401.1,779,-1
ANI26401.1,780,-1
ANI26401.1,781,-1
ANI26401.1,782,-1
ANI26401.1,783,-1
ANI26401.1,784,-1
ANI26401.1,785,-1
ANI26401.1,786,-1
ANI26401.1,787,-1
ANI26401.1,788,-1
ANI26401.1,789,-1
ANI26401.1,790,-1
ANI26401.1,791,-1
ANI26401.1,792,-1
ANI26401.1,793,-1
ANI26401.1,794,-1
ANI26401.1,795,-1
ANI26401.1,796,-1
ANI26401.1,797,-1
ANI26401.1,798,-1
ANI26401.1,799,-1
ANI26401.1,800,-1
ANI26401.1,801,-1
ANI26401.1,802,-1
ANI26401.1,803,-1
ANI26401.1,804,-1
ANI26401.1,805,-1
ANI26401.1,806,-1
ANI26401.1,807,-1
ANI26401.1,808,-1
ANI26401.1,809,-1
ANI26401.1,810,-1
ANI26401.1,811,-1
ANI26401.1,812,-1
ANI26401.1,813,-1
ANI26401.1,814,-1
ANI26401.1,815,-1
ANI26401.1,816,-1
ANI26401.1,817,-1
ANI26401.1,818,-1
ANI26401.1,819,-1
ANI26401.1,820,-1
ANI26401.1,821,-1
ANI26401.1,822,-1
ANI26401.1,823,-1
ANI26401.1,824,-1
ANI26401.1,825,-1
ANI26401.1,826,-1
ANI26401.1,827,-1
ANI26401.1,828,-1
ANI26401.1,829,-1
ANI26401.1,830,-1
ANI26401.1,831,-1
ANI26401.1,832,-1
ANI26401.1,833,-1
ANI26401.1,834,-1
ANI26401.1,835,-1
ANI26401.1,836,-1
ANI26401.1,837,-1
ANI26401.1,838,-1
ANI26401.1,839,-1
ANI26401.1,840,-1
ANI26401.1,841,-1
ANI26401.1,842,-1
ANI26401.1,843,-1
ANI26401.1,844,-1
ANI26401.1,845,-1
ANI26401.1,846,-1
ANI26401.1,847,-1
ANI26401.1,848,-1
ANI26401.1,849,-1
ANI26401.1,850,-1
ANI26401.1,851,-1
ANI26401.1,852,-1
ANI26401.1,853,-1
ANI26401.1,854,-1
ANI26401.1,855,-1
ANI26401.1,856,-1
ANI26401.1,857,-1
ANI26401.1,858,-1
ANI26401.1,859,-1
ANI26401.1,860,-1
ANI26401.1,861,-1
ANI26401.1,862,-1
ANI26401.1,863,-1
ANI26401.1,864,1
ANI26401.1,865,-1
ANI26401.1,866,1
ANI26401.1,867,-1
ANI26401.1,868,1
ANI26401.1,869,1
ANI26401.1,870,-1
ANI26401.1,871,-1
ANI26401.1,872,-1
ANI26401.1,873,-1
ANI26401.1,874,-1
ANI26401.1,875,-1
ANI26401.1,876,-1
ANI26401.1,877,-1
ANI26401.1,878,-1
ANI26401.1,879,-1
ANI26401.1,880,-1
ANI26401.1,881,-1
ANI26401.1,882,-1
ANI26401.1,883,-1
ANI26401.1,884,-1
ANI26401.1,885,-1
ANI26401.1,886,-1
ANI26401.1,887,-1
ANI26401.1,888,-1
ANI26401.1,889,-1
ANI26401.1,890,1
ANI26401.1,891,1
ANI26401.1,892,-1
ANI26401.1,893,-1
ANI26401.1,894,-1
ANI26401.1,895,-1
ANI26401.1,896,-1
ANI26401.1,897,-1
ANI26401.1,898,-1
ANI26401.1,899,-1
ANI26401.1,900,-1
ANI26401.1,901,-1
ANI26401.1,902,-1
ANI26401.1,903,-1
ANI26401.1,904,-1
ANI26401.1,905,-1
ANI26401.1,906,1
ANI26401.1,907,1
ANI26401.1,908,1
ANI26401.1,909,-1
ANI26401.1,910,1
ANI26401.1,911,1
ANI26401.1,912,1
ANI26401.1,913,1
ANI26401.1,914,1
ANI26401.1,915,1
ANI26401.1,916,-1
ANI26401.1,917,-1
ANI26401.1,918,-1
ANI26401.1,919,-1
ANI26401.1,920,-1
ANI26401.1,921,-1
ANI26401.1,922,-1
ANI26401.1,923,-1
ANI26401.1,924,-1
ANI26401.1,925,-1
ANI26401.1,926,-1
ANI26401.1,927,-1
ANI26401.1,928,-1
ANI26401.1,929,1
ANI26401.1,930,1
ANI26401.1,931,1
ANI26401.1,932,1
ANI26401.1,933,1
ANI26401.1,934,1
ANI26401.1,935,1
ANI26401.1,936,1
ANI26401.1,937,1
ANI26401.1,938,1
ANI26401.1,939,-1
ANI26401.1,940,-1
ANI26401.1,941,-1
ANI26401.1,942,-1
ANI26401.1,943,-1
ANI26401.1,944,-1
ANI26401.1,945,-1
ANI26401.1,946,-1
ANI26401.1,947,-1
ANI26401.1,948,-1
ANI26401.1,949,-1
ANI26401.1,950,-1
ANI26401.1,951,-1
ANI26401.1,952,-1
ANI26401.1,953,-1
ANI26401.1,954,-1
ANI26401.1,955,-1
ANI26401.1,956,-1
ANI26401.1,957,-1
ANI26401.1,958,-1
ANI26401.1,959,1
ANI26401.1,960,1
ANI26401.1,961,1
ANI26401.1,962,1
ANI26401.1,963,1
ANI26401.1,964,1
ANI26401.1,965,-1
ANI26401.1,966,-1
ANI26401.1,967,-1
ANI26401.1,968,-1
ANI26401.1,969,-1
ANI26401.1,970,-1
ANI26401.1,971,-1
ANI26401.1,972,-1
ANI26401.1,973,-1
ANI26401.1,974,-1
ANI26401.1,975,-1
ANI26401.1,976,-1
ANI26401.1,977,-1
ANI26401.1,978,-1
ANI26401.1,979,-1
ANI26401.1,980,-1
ANI26401.1,981,-1
ANI26401.1,982,-1
ANI26401.1,983,-1
ANI26401.1,984,-1
ANI26401.1,985,-1
ANI26401.1,986,-1
ANI26401.1,987,-1
ANI26401.1,988,-1
ANI26401.1,989,-1
ANI26401.1,990,-1
ANI26401.1,991,-1
ANI26401.1,992,-1
ANI26401.1,993,-1
ANI26401.1,994,-1
ANI26401.1,995,-1
ANI26401.1,996,-1
ANI26401.1,997,-1
ANI26401.1,998,-1
ANI26401.1,999,-1
ANI26401.1,1000,-1
ANI26401.1,1001,-1
ANI26401.1,1002,-1
ANI26401.1,1003,-1
ANI26401.1,1004,-1
ANI26401.1,1005,-1
ANI26401.1,1006,-1
ANI26401.1,1007,-1
ANI26401.1,1008,-1
ANI26401.1,1009,-1
ANI26401.1,1010,-1
ANI26401.1,1011,-1
ANI26401.1,1012,-1
ANI26401.1,1013,-1
ANI26401.1,1014,-1
ANI26401.1,1015,-1
AOK88299.1,1,-1
AOK88299.1,2,-1
AOK88299.1,3,-1
AOK88299.1,4,-1
AOK88299.1,5,-1
AOK88299.1,6,-1
AOK88299.1,7,-1
AOK88299.1,8,-1
AOK88299.1,9,-1
AOK88299.1,10,-1
AOK88299.1,11,-1
AOK88299.1,12,-1
AOK88299.1,13,-1
AOK88299.1,14,-1
AOK88299.1,15,-1
AOK88299.1,16,-1
AOK88299.1,17,-1
AOK88299.1,18,-1
AOK88299.1,19,-1
AOK88299.1,20,-1
AOK88299.1,21,-1
AOK88299.1,22,-1
AOK88299.1,23,-1
AOK88299.1,24,-1
AOK88299.1,25,-1
AOK88299.1,26,-1
AOK88299.1,27,-1
AOK88299.1,28,1
AOK88299.1,29,1
AOK88299.1,30,-1
AOK88299.1,31,-1
AOK88299.1,32,-1
AOK88299.1,33,1
AOK88299.1,34,1
AOK88299.1,35,1
AOK88299.1,36,1
AOK88299.1,37,1
AOK88299.1,38,1
AOK88299.1,39,1
AOK88299.1,40,-1
AOK88299.1,41,-1
AOK88299.1,42,-1
AOK88299.1,43,-1
AOK88299.1,44,-1
AOK88299.1,45,-1
AOK88299.1,46,-1
AOK88299.1,47,-1
AOK88299.1,48,-1
AOK88299.1,49,-1
AOK88299.1,50,-1
AOK88299.1,51,-1
AOK88299.1,52,-1
AOK88299.1,53,-1
AOK88299.1,54,-1
AOK88299.1,55,-1
AOK88299.1,56,-1
AOK88299.1,57,-1
AOK88299.1,58,-1
AOK88299.1,59,-1
AOK88299.1,60,-1
AOK88299.1,61,-1
AOK88299.1,62,-1
AOK88299.1,63,-1
AOK88299.1,64,-1
AOK88299.1,65,-1
AOK88299.1,66,-1
AOK88299.1,67,-1
AOK88299.1,68,-1
AOK88299.1,69,-1
AOK88299.1,70,-1
AOK88299.1,71,-1
AOK88299.1,72,-1
AOK88299.1,73,1
AOK88299.1,74,-1
AOK88299.1,75,-1
AOK88299.1,76,-1
AOK88299.1,77,-1
AOK88299.1,78,-1
AOK88299.1,79,-1
AOK88299.1,80,-1
AOK88299.1,81,-1
AOK88299.1,82,-1
AOK88299.1,83,-1
AOK88299.1,84,-1
AOK88299.1,85,-1
AOK88299.1,86,-1
AOK88299.1,87,-1
AOK88299.1,88,-1
AOK88299.1,89,-1
AOK88299.1,90,-1
AOK88299.1,91,-1
AOK88299.1,92,-1
AOK88299.1,93,-1
AOK88299.1,94,-1
AOK88299.1,95,-1
AOK88299.1,96,-1
AOK88299.1,97,-1
AOK88299.1,98,-1
AOK88299.1,99,-1
AOK88299.1,100,-1
AOK88299.1,101,-1
AOK88299.1,102,-1
AOK88299.1,103,-1
AOK88299.1,104,-1
AOK88299.1,105,-1
AOK88299.1,106,-1
AOK88299.1,107,-1
AOK88299.1,108,-1
AOK88299.1,109,-1
AOK88299.1,110,-1
AOK88299.1,111,-1
AOK88299.1,112,-1
AOK88299.1,113,-1
AOK88299.1,114,-1
AOK88299.1,115,-1
AOK88299.1,116,1
AOK88299.1,117,1
AOK88299.1,118,1
AOK88299.1,119,-1
AOK88299.1,120,1
AOK88299.1,121,-1
AOK88299.1,122,-1
AOK88299.1,123,-1
AOK88299.1,124,-1
AOK88299.1,125,-1
AOK88299.1,126,-1
AOK88299.1,127,-1
AOK88299.1,128,-1
AOK88299.1,129,-1
AOK88299.1,130,-1
AOK88299.1,131,-1
AOK88299.1,132,-1
AOK88299.1,133,-1
AOK88299.1,134,-1
AOK88299.1,135,-1
AOK88299.1,136,-1
AOK88299.1,137,-1
AOK88299.1,138,-1
AOK88299.1,139,-1
AOK88299.1,140,-1
AOK88299.1,141,-1
AOK88299.1,142,-1
AOK88299.1,143,-1
AOK88299.1,144,1
AOK88299.1,145,1
AOK88299.1,146,1
AOK88299.1,147,1
AOK88299.1,148,1
AOK88299.1,149,1
AOK88299.1,150,1
AOK88299.1,151,1
AOK88299.1,152,1
AOK88299.1,153,1
AOK88299.1,154,1
AOK88299.1,155,1
AOK88299.1,156,1
AOK88299.1,157,-1
AOK88299.1,158,1
AOK88299.1,159,-1
AOK88299.1,160,-1
AOK88299.1,161,-1
AOK88299.1,162,-1
AOK88299.1,163,-1
AOK88299.1,164,-1
AOK88299.1,165,-1
AOK88299.1,166,-1
AOK88299.1,167,-1
AOK88299.1,168,-1
AOK88299.1,169,-1
AOK88299.1,170,-1
AOK88299.1,171,-1
AOK88299.1,172,-1
AOK88299.1,173,-1
AOK88299.1,174,-1
AOK88299.1,175,-1
AOK88299.1,176,-1
AOK88299.1,177,-1
AOK88299.1,178,-1
AOK88299.1,179,-1
AOK88299.1,180,-1
AOK88299.1,181,-1
AOK88299.1,182,-1
AOK88299.1,183,-1
AOK88299.1,184,-1
AOK88299.1,185,-1
AOK88299.1,186,-1
AOK88299.1,187,-1
AOK88299.1,188,-1
AOK88299.1,189,-1
AOK88299.1,190,-1
AOK88299.1,191,-1
AOK88299.1,192,-1
AOK88299.1,193,-1
AOK88299.1,194,-1
AOK88299.1,195,-1
AOK88299.1,196,-1
AOK88299.1,197,-1
AOK88299.1,198,-1
AOK88299.1,199,-1
AOK88299.1,200,-1
AOK88299.1,201,-1
AOK88299.1,202,-1
AOK88299.1,203,-1
AOK88299.1,204,-1
AOK88299.1,205,1
AOK88299.1,206,1
AOK88299.1,207,1
AOK88299.1,208,-1
AOK88299.1,209,-1
AOK88299.1,210,-1
AOK88299.1,211,-1
AOK88299.1,212,-1
AOK88299.1,213,-1
AOK88299.1,214,-1
AOK88299.1,215,-1
AOK88299.1,216,-1
AOK88299.1,217,-1
AOK88299.1,218,-1
AOK88299.1,219,-1
AOK88299.1,220,-1
AOK88299.1,221,-1
AOK88299.1,222,1
AOK88299.1,223,1
AOK88299.1,224,1
AOK88299.1,225,-1
AOK88299.1,226,-1
AOK88299.1,227,-1
AOK88299.1,228,-1
AOK88299.1,229,1
AOK88299.1,230,1
AOK88299.1,231,-1
AOK88299.1,232,1
AOK88299.1,233,1
AOK88299.1,234,-1
AOK88299.1,235,1
AOK88299.1,236,1
AOK88299.1,237,1
AOK88299.1,238,1
AOK88299.1,239,1
AOK88299.1,240,1
AOK88299.1,241,1
AOK88299.1,242,1
AOK88299.1,243,1
AOK88299.1,244,1
AOK88299.1,245,1
AOK88299.1,246,-1
AOK88299.1,247,1
AOK88299.1,248,1
AOK88299.1,249,-1
AOK88299.1,250,1
AOK88299.1,251,1
AOK88299.1,252,1
AOK88299.1,253,1
AOK88299.1,254,1
AOK88299.1,255,1
AOK88299.1,256,1
AOK88299.1,257,1
AOK88299.1,258,1
AOK88299.1,259,1
AOK88299.1,260,1
AOK88299.1,261,1
AOK88299.1,262,1
AOK88299.1,263,1
AOK88299.1,264,1
AOK88299.1,265,1
AOK88299.1,266,1
AOK88299.1,267,-1
AOK88299.1,268,-1
AOK88299.1,269,-1
AOK88299.1,270,-1
AOK88299.1,271,-1
AOK88299.1,272,-1
AOK88299.1,273,-1
AOK88299.1,274,-1
AOK88299.1,275,-1
AOK88299.1,276,-1
AOK88299.1,277,-1
AOK88299.1,278,-1
AOK88299.1,279,-1
AOK88299.1,280,-1
AOK88299.1,281,-1
AOK88299.1,282,-1
AOK88299.1,283,1
AOK88299.1,284,1
AOK88299.1,285,1
AOK88299.1,286,1
AOK88299.1,287,1
AOK88299.1,288,1
AOK88299.1,289,1
AOK88299.1,290,1
AOK88299.1,291,1
AOK88299.1,292,1
AOK88299.1,293,1
AOK88299.1,294,1
AOK88299.1,295,1
AOK88299.1,296,1
AOK88299.1,297,1
AOK88299.1,298,1
AOK88299.1,299,1
AOK88299.1,300,1
AOK88299.1,301,1
AOK88299.1,302,1
AOK88299.1,303,1
AOK88299.1,304,1
AOK88299.1,305,1
AOK88299.1,306,1
AOK88299.1,307,1
AOK88299.1,308,1
AOK88299.1,309,1
AOK88299.1,310,1
AOK88299.1,311,1
AOK88299.1,312,1
AOK88299.1,313,1
AOK88299.1,314,1
AOK88299.1,315,1
AOK88299.1,316,1
AOK88299.1,317,1
AOK88299.1,318,1
AOK88299.1,319,1
AOK88299.1,320,1
AOK88299.1,321,1
AOK88299.1,322,1
AOK88299.1,323,1
AOK88299.1,324,1
AOK88299.1,325,1
AOK88299.1,326,1
AOK88299.1,327,-1
AOK88299.1,328,-1
AOK88299.1,329,-1
AOK88299.1,330,-1
AOK88299.1,331,-1
AOK88299.1,332,-1
AOK88299.1,333,-1
AOK88299.1,334,-1
AOK88299.1,335,-1
AOK88299.1,336,-1
AOK88299.1,337,-1
AOK88299.1,338,-1
AOK88299.1,339,-1
AOK88299.1,340,-1
AOK88299.1,341,-1
AOK88299.1,342,-1
AOK88299.1,343,-1
AOK88299.1,344,-1
AOK88299.1,345,-1
AOK88299.1,346,1
AOK88299.1,347,1
AOK88299.1,348,1
AOK88299.1,349,1
AOK88299.1,350,1
AOK88299.1,351,1
AOK88299.1,352,1
AOK88299.1,353,-1
AOK88299.1,354,-1
AOK88299.1,355,-1
AOK88299.1,356,-1
AOK88299.1,357,-1
AOK88299.1,358,1
AOK88299.1,359,1
AOK88299.1,360,1
AOK88299.1,361,1
AOK88299.1,362,1
AOK88299.1,363,1
AOK88299.1,364,1
AOK88299.1,365,1
AOK88299.1,366,1
AOK88299.1,367,1
AOK88299.1,368,1
AOK88299.1,369,1
AOK88299.1,370,1
AOK88299.1,371,1
AOK88299.1,372,-1
AOK88299.1,373,1
AOK88299.1,374,1
AOK88299.1,375,-1
AOK88299.1,376,-1
AOK88299.1,377,-1
AOK88299.1,378,-1
AOK88299.1,379,-1
AOK88299.1,380,-1
AOK88299.1,381,-1
AOK88299.1,382,-1
AOK88299.1,383,-1
AOK88299.1,384,-1
AOK88299.1,385,-1
AOK88299.1,386,-1
AOK88299.1,387,1
AOK88299.1,388,1
AOK88299.1,389,1
AOK88299.1,390,1
AOK88299.1,391,1
AOK88299.1,392,1
AOK88299.1,393,1
AOK88299.1,394,1
AOK88299.1,395,1
AOK88299.1,396,-1
AOK88299.1,397,-1
AOK88299.1,398,-1
AOK88299.1,399,-1
AOK88299.1,400,-1
AOK88299.1,401,-1
AOK88299.1,402,-1
AOK88299.1,403,1
AOK88299.1,404,-1
AOK88299.1,405,1
AOK88299.1,406,-1
AOK88299.1,407,-1
AOK88299.1,408,-1
AOK88299.1,409,-1
AOK88299.1,410,-1
AOK88299.1,411,-1
AOK88299.1,412,-1
AOK88299.1,413,-1
AOK88299.1,414,-1
AOK88299.1,415,-1
AOK88299.1,416,-1
AOK88299.1,417,-1
AOK88299.1,418,-1
AOK88299.1,419,-1
AOK88299.1,420,-1
AOK88299.1,421,-1
AOK88299.1,422,-1
AOK88299.1,423,-1
AOK88299.1,424,-1
AOK88299.1,425,-1
AOK88299.1,426,-1
AOK88299.1,427,1
AOK88299.1,428,1
AOK88299.1,429,1
AOK88299.1,430,1
AOK88299.1,431,1
AOK88299.1,432,1
AOK88299.1,433,1
AOK88299.1,434,1
AOK88299.1,435,1
AOK88299.1,436,1
AOK88299.1,437,1
AOK88299.1,438,1
AOK88299.1,439,1
AOK88299.1,440,1
AOK88299.1,441,1
AOK88299.1,442,1
AOK88299.1,443,1
AOK88299.1,444,1
AOK88299.1,445,1
AOK88299.1,446,1
AOK88299.1,447,1
AOK88299.1,448,1
AOK88299.1,449,1
AOK88299.1,450,1
AOK88299.1,451,1
AOK88299.1,452,1
AOK88299.1,453,1
AOK88299.1,454,1
AOK88299.1,455,1
AOK88299.1,456,1
AOK88299.1,457,1
AOK88299.1,458,1
AOK88299.1,459,1
AOK88299.1,460,1
AOK88299.1,461,1
AOK88299.1,462,1
AOK88299.1,463,-1
AOK88299.1,464,-1
AOK88299.1,465,-1
AOK88299.1,466,-1
AOK88299.1,467,-1
AOK88299.1,468,-1
AOK88299.1,469,-1
AOK88299.1,470,1
AOK88299.1,471,-1
AOK88299.1,472,-1
AOK88299.1,473,-1
AOK88299.1,474,-1
AOK88299.1,475,-1
AOK88299.1,476,1
AOK88299.1,477,1
AOK88299.1,478,-1
AOK88299.1,479,-1
AOK88299.1,480,-1
AOK88299.1,481,-1
AOK88299.1,482,-1
AOK88299.1,483,-1
AOK88299.1,484,-1
AOK88299.1,485,-1
AOK88299.1,486,1
AOK88299.1,487,1
AOK88299.1,488,1
AOK88299.1,489,1
AOK88299.1,490,1
AOK88299.1,491,1
AOK88299.1,492,1
AOK88299.1,493,1
AOK88299.1,494,1
AOK88299.1,495,1
AOK88299.1,496,1
AOK88299.1,497,1
AOK88299.1,498,1
AOK88299.1,499,1
AOK88299.1,500,1
AOK88299.1,501,1
AOK88299.1,502,1
AOK88299.1,503,1
AOK88299.1,504,1
AOK88299.1,505,1
AOK88299.1,506,1
AOK88299.1,507,1
AOK88299.1,508,1
AOK88299.1,509,1
AOK88299.1,510,-1
AOK88299.1,511,1
AOK88299.1,512,1
AOK88299.1,513,1
AOK88299.1,514,1
AOK88299.1,515,1
AOK88299.1,516,1
AOK88299.1,517,1
AOK88299.1,518,1
AOK88299.1,519,-1
AOK88299.1,520,-1
AOK88299.1,521,-1
AOK88299.1,522,-1
AOK88299.1,523,1
AOK88299.1,524,-1
AOK88299.1,525,1
AOK88299.1,526,1
AOK88299.1,527,-1
AOK88299.1,528,-1
AOK88299.1,529,1
AOK88299.1,530,1
AOK88299.1,531,-1
AOK88299.1,532,1
AOK88299.1,533,-1
AOK88299.1,534,-1
AOK88299.1,535,-1
AOK88299.1,536,-1
AOK88299.1,537,1
AOK88299.1,538,-1
AOK88299.1,539,1
AOK88299.1,540,1
AOK88299.1,541,-1
AOK88299.1,542,-1
AOK88299.1,543,1
AOK88299.1,544,1
AOK88299.1,545,-1
AOK88299.1,546,-1
AOK88299.1,547,1
AOK88299.1,548,1
AOK88299.1,549,1
AOK88299.1,550,1
AOK88299.1,551,1
AOK88299.1,552,1
AOK88299.1,553,1
AOK88299.1,554,1
AOK88299.1,555,1
AOK88299.1,556,1
AOK88299.1,557,1
AOK88299.1,558,1
AOK88299.1,559,1
AOK88299.1,560,1
AOK88299.1,561,1
AOK88299.1,562,1
AOK88299.1,563,1
AOK88299.1,564,1
AOK88299.1,565,1
AOK88299.1,566,1
AOK88299.1,567,-1
AOK88299.1,568,1
AOK88299.1,569,1
AOK88299.1,570,1
AOK88299.1,571,1
AOK88299.1,572,1
AOK88299.1,573,1
AOK88299.1,574,1
AOK88299.1,575,1
AOK88299.1,576,1
AOK88299.1,577,1
AOK88299.1,578,1
AOK88299.1,579,1
AOK88299.1,580,1
AOK88299.1,581,1
AOK88299.1,582,1
AOK88299.1,583,1
AOK88299.1,584,1
AOK88299.1,585,1
AOK88299.1,586,1
AOK88299.1,587,1
AOK88299.1,588,-1
AOK88299.1,589,1
AOK88299.1,590,1
AOK88299.1,591,1
AOK88299.1,592,1
AOK88299.1,593,1
AOK88299.1,594,1
AOK88299.1,595,1
AOK88299.1,596,1
AOK88299.1,597,1
AOK88299.1,598,1
AOK88299.1,599,1
AOK88299.1,600,1
AOK88299.1,601,1
AOK88299.1,602,1
AOK88299.1,603,1
AOK88299.1,604,1
AOK88299.1,605,1
AOK88299.1,606,1
AOK88299.1,607,1
AOK88299.1,608,1
AOK88299.1,609,-1
AOK88299.1,610,-1
AOK88299.1,611,1
AOK88299.1,612,-1
AOK88299.1,613,1
AOK88299.1,614,1
AOK88299.1,615,1
AOK88299.1,616,1
AOK88299.1,617,-1
AOK88299.1,618,1
AOK88299.1,619,1
AOK88299.1,620,-1
AOK88299.1,621,1
AOK88299.1,622,1
AOK88299.1,623,-1
AOK88299.1,624,-1
AOK88299.1,625,-1
AOK88299.1,626,-1
AOK88299.1,627,-1
AOK88299.1,628,1
AOK88299.1,629,-1
AOK88299.1,630,-1
AOK88299.1,631,-1
AOK88299.1,632,-1
AOK88299.1,633,-1
AOK88299.1,634,-1
AOK88299.1,635,1
AOK88299.1,636,1
AOK88299.1,637,1
AOK88299.1,638,1
AOK88299.1,639,1
AOK88299.1,640,1
AOK88299.1,641,1
AOK88299.1,642,1
AOK88299.1,643,1
AOK88299.1,644,-1
AOK88299.1,645,-1
AOK88299.1,646,1
AOK88299.1,647,1
AOK88299.1,648,1
AOK88299.1,649,1
AOK88299.1,650,-1
AOK88299.1,651,-1
AOK88299.1,652,-1
AOK88299.1,653,-1
AOK88299.1,654,1
AOK88299.1,655,-1
AOK88299.1,656,1
AOK88299.1,657,1
AOK88299.1,658,1
AOK88299.1,659,1
AOK88299.1,660,1
AOK88299.1,661,1
AOK88299.1,662,1
AOK88299.1,663,1
AOK88299.1,664,1
AOK88299.1,665,1
AOK88299.1,666,1
AOK88299.1,667,1
AOK88299.1,668,1
AOK88299.1,669,1
AOK88299.1,670,1
AOK88299.1,671,1
AOK88299.1,672,1
AOK88299.1,673,1
AOK88299.1,674,1
AOK88299.1,675,1
AOK88299.1,676,1
AOK88299.1,677,1
AOK88299.1,678,1
AOK88299.1,679,1
AOK88299.1,680,1
AOK88299.1,681,1
AOK88299.1,682,1
AOK88299.1,683,1
AOK88299.1,684,1
AOK88299.1,685,1
AOK88299.1,686,1
AOK88299.1,687,1
AOK88299.1,688,1
AOK88299.1,689,1
AOK88299.1,690,1
AOK88299.1,691,1
AOK88299.1,692,1
AOK88299.1,693,-1
AOK88299.1,694,-1
AOK88299.1,695,-1
AOK88299.1,696,-1
AOK88299.1,697,-1
AOK88299.1,698,-1
AOK88299.1,699,1
AOK88299.1,700,1
AOK88299.1,701,-1
AOK88299.1,702,-1
AOK88299.1,703,1
AOK88299.1,704,1
AOK88299.1,705,-1
AOK88299.1,706,-1
AOK88299.1,707,-1
AOK88299.1,708,-1
AOK88299.1,709,-1
AOK88299.1,710,1
AOK88299.1,711,1
AOK88299.1,712,1
AOK88299.1,713,1
AOK88299.1,714,1
AOK88299.1,715,1
AOK88299.1,716,1
AOK88299.1,717,1
AOK88299.1,718,1
AOK88299.1,719,1
AOK88299.1,720,1
AOK88299.1,721,1
AOK88299.1,722,1
AOK88299.1,723,1
AOK88299.1,724,1
AOK88299.1,725,1
AOK88299.1,726,1
AOK88299.1,727,1
AOK88299.1,728,1
AOK88299.1,729,-1
AOK88299.1,730,-1
AOK88299.1,731,-1
AOK88299.1,732,1
AOK88299.1,733,1
AOK88299.1,734,1
AOK88299.1,735,-1
AOK88299.1,736,-1
AOK88299.1,737,1
AOK88299.1,738,1
AOK88299.1,739,1
AOK88299.1,740,1
AOK88299.1,741,1
AOK88299.1,742,1
AOK88299.1,743,1
AOK88299.1,744,1
AOK88299.1,745,1
AOK88299.1,746,1
AOK88299.1,747,1
AOK88299.1,748,1
AOK88299.1,749,1
AOK88299.1,750,1
AOK88299.1,751,1
AOK88299.1,752,1
AOK88299.1,753,1
AOK88299.1,754,1
AOK88299.1,755,1
AOK88299.1,756,1
AOK88299.1,757,1
AOK88299.1,758,1
AOK88299.1,759,1
AOK88299.1,760,1
AOK88299.1,761,1
AOK88299.1,762,1
AOK88299.1,763,1
AOK88299.1,764,1
AOK88299.1,765,1
AOK88299.1,766,1
AOK88299.1,767,1
AOK88299.1,768,-1
AOK88299.1,769,-1
AOK88299.1,770,-1
AOK88299.1,771,-1
AOK88299.1,772,-1
AOK88299.1,773,-1
AOK88299.1,774,-1
AOK88299.1,775,-1
AOK88299.1,776,-1
AOK88299.1,777,1
AOK88299.1,778,1
AOK88299.1,779,1
AOK88299.1,780,1
AOK88299.1,781,1
AOK88299.1,782,1
AOK88299.1,783,1
AOK88299.1,784,1
AOK88299.1,785,1
AOK88299.1,786,1
AOK88299.1,787,1
AOK88299.1,788,1
AOK88299.1,789,1
AOK88299.1,790,1
AOK88299.1,791,-1
AOK88299.1,792,-1
AOK88299.1,793,-1
AOK88299.1,794,1
AOK88299.1,795,1
AOK88299.1,796,1
AOK88299.1,797,1
AOK88299.1,798,-1
AOK88299.1,799,1
AOK88299.1,800,1
AOK88299.1,801,1
AOK88299.1,802,1
AOK88299.1,803,1
AOK88299.1,804,1
AOK88299.1,805,1
AOK88299.1,806,1
AOK88299.1,807,1
AOK88299.1,808,1
AOK88299.1,809,1
AOK88299.1,810,1
AOK88299.1,811,1
AOK88299.1,812,1
AOK88299.1,813,1
AOK88299.1,814,1
AOK88299.1,815,1
AOK88299.1,816,1
AOK88299.1,817,1
AOK88299.1,818,1
AOK88299.1,819,1
AOK88299.1,820,-1
AOK88299.1,821,-1
AOK88299.1,822,-1
AOK88299.1,823,-1
AOK88299.1,824,-1
AOK88299.1,825,1
AOK88299.1,826,1
AOK88299.1,827,1
AOK88299.1,828,1
AOK88299.1,829,1
AOK88299.1,830,1
AOK88299.1,831,1
AOK88299.1,832,1
AOK88299.1,833,1
AOK88299.1,834,1
AOK88299.1,835,1
AOK88299.1,836,1
AOK88299.1,837,1
AOK88299.1,838,1
AOK88299.1,839,1
AOK88299.1,840,1
AOK88299.1,841,1
AOK88299.1,842,-1
AOK88299.1,843,-1
AOK88299.1,844,-1
AOK88299.1,845,-1
AOK88299.1,846,-1
AOK88299.1,847,-1
AOK88299.1,848,-1
AOK88299.1,849,-1
AOK88299.1,850,1
AOK88299.1,851,1
AOK88299.1,852,1
AOK88299.1,853,1
AOK88299.1,854,1
AOK88299.1,855,1
AOK88299.1,856,1
AOK88299.1,857,1
AOK88299.1,858,1
AOK88299.1,859,1
AOK88299.1,860,-1
AOK88299.1,861,-1
AOK88299.1,862,-1
AOK88299.1,863,-1
AOK88299.1,864,-1
AOK88299.1,865,-1
AOK88299.1,866,-1
AOK88299.1,867,-1
AOK88299.1,868,-1
AOK88299.1,869,-1
AOK88299.1,870,-1
AOK88299.1,871,-1
AOK88299.1,872,-1
AOK88299.1,873,-1
AOK88299.1,874,-1
AOK88299.1,875,-1
AOK88299.1,876,-1
AOK88299.1,877,-1
AOK88299.1,878,-1
AOK88299.1,879,-1
AOK88299.1,880,-1
AOK88299.1,881,-1
AOK88299.1,882,-1
AOK88299.1,883,-1
AOK88299.1,884,-1
AOK88299.1,885,1
AOK88299.1,886,1
AOK88299.1,887,1
AOK88299.1,888,1
AOK88299.1,889,1
AOK88299.1,890,1
AOK88299.1,891,1
AOK88299.1,892,1
AOK88299.1,893,1
AOK88299.1,894,1
AOK88299.1,895,-1
AOK88299.1,896,-1
AOK88299.1,897,1
AOK88299.1,898,-1
AOK88299.1,899,-1
AOK88299.1,900,-1
AOK88299.1,901,-1
AOK88299.1,902,-1
AOK88299.1,903,-1
AOK88299.1,904,1
AOK88299.1,905,-1
AOK88299.1,906,-1
AOK88299.1,907,-1
P14348.1,1,-1
P14348.1,2,-1
P14348.1,3,-1
P14348.1,4,-1
P14348.1,5,-1
P14348.1,6,-1
P14348.1,7,-1
P14348.1,8,-1
P14348.1,9,-1
P14348.1,10,-1
P14348.1,11,-1
P14348.1,12,-1
P14348.1,13,-1
P14348.1,14,-1
P14348.1,15,-1
P14348.1,16,-1
P14348.1,17,-1
P14348.1,18,-1
P14348.1,19,-1
P14348.1,20,-1
P14348.1,21,-1
P14348.1,22,-1
P14348.1,23,-1
P14348.1,24,1
P14348.1,25,-1
P14348.1,26,-1
P14348.1,27,-1
P14348.1,28,-1
P14348.1,29,1
P14348.1,30,1
P14348.1,31,1
P14348.1,32,1
P14348.1,33,1
P14348.1,34,1
P14348.1,35,1
P14348.1,36,1
P14348.1,37,1
P14348.1,38,1
P14348.1,39,1
P14348.1,40,1
P14348.1,41,1
P14348.1,42,1
P14348.1,43,-1
P14348.1,44,-1
P14348.1,45,-1
P14348.1,46,-1
P14348.1,47,-1
P14348.1,48,-1
P14348.1,49,-1
P14348.1,50,-1
P14348.1,51,-1
P14348.1,52,-1
P14348.1,53,-1
P14348.1,54,-1
P14348.1,55,-1
P14348.1,56,-1
P14348.1,57,-1
P14348.1,58,-1
P14348.1,59,-1
P14348.1,60,-1
P14348.1,61,-1
P14348.1,62,-1
P14348.1,63,-1
P14348.1,64,-1
P14348.1,65,-1
P14348.1,66,-1
P14348.1,67,-1
P14348.1,68,-1
P14348.1,69,-1
P14348.1,70,-1
P14348.1,71,-1
P14348.1,72,1
P14348.1,73,1
P14348.1,74,-1
P14348.1,75,-1
P14348.1,76,-1
P14348.1,77,-1
P14348.1,78,-1
P14348.1,79,-1
P14348.1,80,-1
P14348.1,81,-1
P14348.1,82,-1
P14348.1,83,-1
P14348.1,84,-1
P14348.1,85,-1
P14348.1,86,-1
P14348.1,87,-1
P14348.1,88,-1
P14348.1,89,-1
P14348.1,90,1
P14348.1,91,-1
P14348.1,92,-1
P14348.1,93,-1
P14348.1,94,-1
P14348.1,95,-1
P14348.1,96,-1
P14348.1,97,-1
P14348.1,98,-1
P14348.1,99,-1
P14348.1,100,-1
P14348.1,101,-1
P14348.1,102,-1
P14348.1,103,-1
P14348.1,104,-1
P14348.1,105,-1
P14348.1,106,-1
P14348.1,107,-1
P14348.1,108,-1
P14348.1,109,-1
P14348.1,110,-1
P14348.1,111,1
P14348.1,112,1
P14348.1,113,1
P14348.1,114,1
P14348.1,115,1
P14348.1,116,1
P14348.1,117,1
P14348.1,118,1
P14348.1,119,1
P14348.1,120,1
P14348.1,121,1
P14348.1,122,1
P14348.1,123,-1
P14348.1,124,-1
P14348.1,125,1
P14348.1,126,1
P14348.1,127,1
P14348.1,128,1
P14348.1,129,1
P14348.1,130,1
P14348.1,131,1
P14348.1,132,1
P14348.1,133,1
P14348.1,134,1
P14348.1,135,1
P14348.1,136,1
P14348.1,137,1
P14348.1,138,1
P14348.1,139,1
P14348.1,140,1
P14348.1,141,-1
P14348.1,142,-1
P14348.1,143,-1
P14348.1,144,-1
P14348.1,145,1
P14348.1,146,1
P14348.1,147,1
P14348.1,148,-1
P14348.1,149,1
P14348.1,150,-1
P14348.1,151,-1
P14348.1,152,-1
P14348.1,153,1
P14348.1,154,1
P14348.1,155,1
P14348.1,156,1
P14348.1,157,-1
P14348.1,158,-1
P14348.1,159,1
P14348.1,160,1
P14348.1,161,-1
P14348.1,162,1
P14348.1,163,1
P14348.1,164,1
P14348.1,165,1
P14348.1,166,1
P14348.1,167,1
P14348.1,168,1
P14348.1,169,1
P14348.1,170,1
P14348.1,171,1
P14348.1,172,1
P14348.1,173,1
P14348.1,174,1
P14348.1,175,-1
P14348.1,176,-1
Q1HVG4.2,1,-1
Q1HVG4.2,2,-1
Q1HVG4.2,3,-1
Q1HVG4.2,4,-1
Q1HVG4.2,5,-1
Q1HVG4.2,6,-1
Q1HVG4.2,7,-1
Q1HVG4.2,8,-1
Q1HVG4.2,9,-1
Q1HVG4.2,10,-1
Q1HVG4.2,11,1
Q1HVG4.2,12,-1
Q1HVG4.2,13,-1
Q1HVG4.2,14,-1
Q1HVG4.2,15,-1
Q1HVG4.2,16,1
Q1HVG4.2,17,-1
Q1HVG4.2,18,1
Q1HVG4.2,19,1
Q1HVG4.2,20,1
Q1HVG4.2,21,1
Q1HVG4.2,22,1
Q1HVG4.2,23,1
Q1HVG4.2,24,1
Q1HVG4.2,25,1
Q1HVG4.2,26,1
Q1HVG4.2,27,1
Q1HVG4.2,28,1
Q1HVG4.2,29,1
Q1HVG4.2,30,1
Q1HVG4.2,31,1
Q1HVG4.2,32,1
Q1HVG4.2,33,1
Q1HVG4.2,34,1
Q1HVG4.2,35,1
Q1HVG4.2,36,1
Q1HVG4.2,37,1
Q1HVG4.2,38,1
Q1HVG4.2,39,1
Q1HVG4.2,40,1
Q1HVG4.2,41,1
Q1HVG4.2,42,-1
Q1HVG4.2,43,-1
Q1HVG4.2,44,-1
Q1HVG4.2,45,-1
Q1HVG4.2,46,-1
Q1HVG4.2,47,-1
Q1HVG4.2,48,-1
Q1HVG4.2,49,-1
Q1HVG4.2,50,-1
Q1HVG4.2,51,-1
Q1HVG4.2,52,1
Q1HVG4.2,53,1
Q1HVG4.2,54,1
Q1HVG4.2,55,1
Q1HVG4.2,56,-1
Q1HVG4.2,57,1
Q1HVG4.2,58,1
Q1HVG4.2,59,1
Q1HVG4.2,60,1
Q1HVG4.2,61,-1
Q1HVG4.2,62,-1
Q1HVG4.2,63,-1
Q1HVG4.2,64,-1
Q1HVG4.2,65,1
Q1HVG4.2,66,1
Q1HVG4.2,67,1
Q1HVG4.2,68,1
Q1HVG4.2,69,1
Q1HVG4.2,70,-1
Q1HVG4.2,71,-1
Q1HVG4.2,72,-1
Q1HVG4.2,73,-1
Q1HVG4.2,74,-1
Q1HVG4.2,75,-1
Q1HVG4.2,76,-1
Q1HVG4.2,77,-1
Q1HVG4.2,78,-1
Q1HVG4.2,79,-1
Q1HVG4.2,80,-1
Q1HVG4.2,81,-1
Q1HVG4.2,82,1
Q1HVG4.2,83,1
Q1HVG4.2,84,1
Q1HVG4.2,85,1
Q1HVG4.2,86,1
Q1HVG4.2,87,1
Q1HVG4.2,88,1
Q1HVG4.2,89,1
Q1HVG4.2,90,1
Q1HVG4.2,91,1
Q1HVG4.2,92,1
Q1HVG4.2,93,1
Q1HVG4.2,94,1
Q1HVG4.2,95,1
Q1HVG4.2,96,1
Q1HVG4.2,97,1
Q1HVG4.2,98,1
Q1HVG4.2,99,1
Q1HVG4.2,100,1
Q1HVG4.2,101,-1
Q1HVG4.2,102,1
Q1HVG4.2,103,-1
Q1HVG4.2,104,-1
Q1HVG4.2,105,-1
Q1HVG4.2,106,-1
Q1HVG4.2,107,-1
Q1HVG4.2,108,-1
Q1HVG4.2,109,-1
Q1HVG4.2,110,-1
Q1HVG4.2,111,-1
Q1HVG4.2,112,-1
Q1HVG4.2,113,-1
Q1HVG4.2,114,-1
Q1HVG4.2,115,-1
Q1HVG4.2,116,-1
Q1HVG4.2,117,-1
Q1HVG4.2,118,-1
Q1HVG4.2,119,-1
Q1HVG4.2,120,-1
Q1HVG4.2,121,-1
Q1HVG4.2,122,-1
Q1HVG4.2,123,-1
Q1HVG4.2,124,-1
Q1HVG4.2,125,-1
Q1HVG4.2,126,-1
Q1HVG4.2,127,-1
Q1HVG4.2,128,-1
Q1HVG4.2,129,-1
Q1HVG4.2,130,-1
Q1HVG4.2,131,-1
Q1HVG4.2,132,-1
Q1HVG4.2,133,-1
Q1HVG4.2,134,-1
Q1HVG4.2,135,-1
Q1HVG4.2,136,-1
Q1HVG4.2,137,-1
Q1HVG4.2,138,-1
Q1HVG4.2,139,-1
Q1HVG4.2,140,-1
Q1HVG4.2,141,-1
Q1HVG4.2,142,-1
Q1HVG4.2,143,-1
Q1HVG4.2,144,-1
Q1HVG4.2,145,-1
Q1HVG4.2,146,-1
Q1HVG4.2,147,-1
Q1HVG4.2,148,-1
Q1HVG4.2,149,-1
Q1HVG4.2,150,-1
Q1HVG4.2,151,-1
Q1HVG4.2,152,-1
Q1HVG4.2,153,-1
Q1HVG4.2,154,-1
Q1HVG4.2,155,-1
Q1HVG4.2,156,-1
Q1HVG4.2,157,-1
Q1HVG4.2,158,-1
Q1HVG4.2,159,-1
Q1HVG4.2,160,1
Q1HVG4.2,161,1
Q1HVG4.2,162,1
Q1HVG4.2,163,1
Q1HVG4.2,164,-1
Q1HVG4.2,165,-1
Q1HVG4.2,166,-1
Q1HVG4.2,167,-1
Q1HVG4.2,168,-1
Q1HVG4.2,169,-1
Q1HVG4.2,170,-1
Q1HVG4.2,171,1
Q1HVG4.2,172,-1
Q1HVG4.2,173,1
Q1HVG4.2,174,1
Q1HVG4.2,175,1
Q1HVG4.2,176,1
Q1HVG4.2,177,1
Q1HVG4.2,178,1
Q1HVG4.2,179,1
Q1HVG4.2,180,-1
Q1HVG4.2,181,1
Q1HVG4.2,182,-1
Q1HVG4.2,183,-1
Q1HVG4.2,184,-1
Q1HVG4.2,185,-1
Q1HVG4.2,186,-1
Q1HVG4.2,187,-1
Q1HVG4.2,188,-1
Q1HVG4.2,189,-1
Q1HVG4.2,190,-1
Q1HVG4.2,191,-1
Q1HVG4.2,192,-1
Q1HVG4.2,193,-1
Q1HVG4.2,194,-1
Q1HVG4.2,195,1
Q1HVG4.2,196,-1
Q1HVG4.2,197,-1
Q1HVG4.2,198,-1
Q1HVG4.2,199,-1
Q1HVG4.2,200,-1
Q1HVG4.2,201,-1
Q1HVG4.2,202,-1
Q1HVG4.2,203,-1
Q1HVG4.2,204,-1
Q1HVG4.2,205,-1
Q1HVG4.2,206,-1
Q1HVG4.2,207,-1
Q1HVG4.2,208,-1
Q1HVG4.2,209,-1
Q1HVG4.2,210,-1
Q1HVG4.2,211,-1
Q1HVG4.2,212,-1
Q1HVG4.2,213,-1
Q1HVG4.2,214,-1
Q1HVG4.2,215,-1
Q1HVG4.2,216,-1
Q1HVG4.2,217,-1
Q1HVG4.2,218,-1
Q1HVG4.2,219,-1
Q1HVG4.2,220,-1
Q1HVG4.2,221,-1
Q1HVG4.2,222,-1
Q1HVG4.2,223,-1
Q1HVG4.2,224,-1
Q1HVG4.2,225,-1
Q1HVG4.2,226,-1
Q1HVG4.2,227,-1
Q1HVG4.2,228,-1
Q1HVG4.2,229,-1
Q1HVG4.2,230,-1
Q1HVG4.2,231,-1
Q1HVG4.2,232,-1
Q1HVG4.2,233,-1
Q1HVG4.2,234,-1
Q1HVG4.2,235,-1
Q1HVG4.2,236,-1
Q1HVG4.2,237,-1
Q1HVG4.2,238,-1
Q1HVG4.2,239,-1
Q1HVG4.2,240,-1
Q1HVG4.2,241,-1
Q1HVG4.2,242,-1
Q1HVG4.2,243,-1
Q1HVG4.2,244,-1
Q1HVG4.2,245,-1
Q1HVG4.2,246,-1
Q1HVG4.2,247,-1
Q1HVG4.2,248,-1
Q1HVG4.2,249,-1
Q1HVG4.2,250,-1
Q1HVG4.2,251,-1
Q1HVG4.2,252,-1
Q1HVG4.2,253,-1
Q1HVG4.2,254,-1
Q1HVG4.2,255,-1
Q1HVG4.2,256,-1
Q1HVG4.2,257,-1
Q1HVG4.2,258,-1
Q1HVG4.2,259,-1
Q1HVG4.2,260,-1
Q1HVG4.2,261,-1
Q1HVG4.2,262,-1
Q1HVG4.2,263,-1
Q1HVG4.2,264,-1
Q1HVG4.2,265,-1
Q1HVG4.2,266,-1
Q1HVG4.2,267,-1
Q1HVG4.2,268,-1
Q1HVG4.2,269,-1
Q1HVG4.2,270,-1
Q1HVG4.2,271,-1
Q1HVG4.2,272,-1
Q1HVG4.2,273,-1
Q1HVG4.2,274,-1
Q1HVG4.2,275,-1
Q1HVG4.2,276,-1
Q1HVG4.2,277,-1
Q1HVG4.2,278,-1
Q1HVG4.2,279,-1
Q1HVG4.2,280,-1
Q1HVG4.2,281,-1
Q1HVG4.2,282,-1
Q1HVG4.2,283,-1
Q1HVG4.2,284,-1
Q1HVG4.2,285,-1
Q1HVG4.2,286,-1
Q1HVG4.2,287,-1
Q1HVG4.2,288,-1
Q1HVG4.2,289,-1
Q1HVG4.2,290,-1
Q1HVG4.2,291,-1
Q1HVG4.2,292,-1
Q1HVG4.2,293,-1
Q1HVG4.2,294,1
Q1HVG4.2,295,1
Q1HVG4.2,296,1
Q1HVG4.2,297,1
Q1HVG4.2,298,1
Q1HVG4.2,299,1
Q1HVG4.2,300,1
Q1HVG4.2,301,1
Q1HVG4.2,302,1
Q1HVG4.2,303,1
Q1HVG4.2,304,1
Q1HVG4.2,305,1
Q1HVG4.2,306,1
Q1HVG4.2,307,-1
Q1HVG4.2,308,1
Q1HVG4.2,309,1
Q1HVG4.2,310,1
Q1HVG4.2,311,1
Q1HVG4.2,312,1
Q1HVG4.2,313,1
Q1HVG4.2,314,1
Q1HVG4.2,315,1
Q1HVG4.2,316,1
Q1HVG4.2,317,-1
Q1HVG4.2,318,-1
Q1HVG4.2,319,1
Q1HVG4.2,320,1
Q1HVG4.2,321,1
Q1HVG4.2,322,1
Q1HVG4.2,323,1
Q1HVG4.2,324,1
Q1HVG4.2,325,1
Q1HVG4.2,326,1
Q1HVG4.2,327,1
Q1HVG4.2,328,1
Q1HVG4.2,329,-1
Q1HVG4.2,330,1
Q1HVG4.2,331,1
Q1HVG4.2,332,1
Q1HVG4.2,333,1
Q1HVG4.2,334,-1
Q1HVG4.2,335,-1
Q1HVG4.2,336,-1
Q1HVG4.2,337,-1
Q1HVG4.2,338,-1
Q1HVG4.2,339,-1
Q1HVG4.2,340,1
Q1HVG4.2,341,-1
Q1HVG4.2,342,-1
Q1HVG4.2,343,-1
Q1HVG4.2,344,-1
Q1HVG4.2,345,-1
Q1HVG4.2,346,-1
Q1HVG4.2,347,-1
Q1HVG4.2,348,1
Q1HVG4.2,349,1
Q1HVG4.2,350,1
Q1HVG4.2,351,1
Q1HVG4.2,352,1
Q1HVG4.2,353,1
Q1HVG4.2,354,1
Q1HVG4.2,355,1
Q1HVG4.2,356,1
Q1HVG4.2,357,1
Q1HVG4.2,358,1
Q1HVG4.2,359,1
Q1HVG4.2,360,1
Q1HVG4.2,361,1
Q1HVG4.2,362,1
Q1HVG4.2,363,1
Q1HVG4.2,364,1
Q1HVG4.2,365,1
Q1HVG4.2,366,1
Q1HVG4.2,367,1
Q1HVG4.2,368,1
Q1HVG4.2,369,1
Q1HVG4.2,370,1
Q1HVG4.2,371,1
Q1HVG4.2,372,1
Q1HVG4.2,373,1
Q1HVG4.2,374,1
Q1HVG4.2,375,1
Q1HVG4.2,376,1
Q1HVG4.2,377,1
Q1HVG4.2,378,1
Q1HVG4.2,379,1
Q1HVG4.2,380,-1
Q1HVG4.2,381,-1
Q1HVG4.2,382,-1
Q1HVG4.2,383,-1
Q1HVG4.2,384,-1
Q1HVG4.2,385,-1
Q1HVG4.2,386,-1
Q1HVG4.2,387,-1
Q1HVG4.2,388,-1
Q1HVG4.2,389,-1
Q1HVG4.2,390,1
Q1HVG4.2,391,1
Q1HVG4.2,392,1
Q1HVG4.2,393,1
Q1HVG4.2,394,-1
Q1HVG4.2,395,1
Q1HVG4.2,396,1
Q1HVG4.2,397,-1
Q1HVG4.2,398,1
Q1HVG4.2,399,1
Q1HVG4.2,400,1
Q1HVG4.2,401,1
Q1HVG4.2,402,1
Q1HVG4.2,403,1
Q1HVG4.2,404,1
Q1HVG4.2,405,1
Q1HVG4.2,406,1
Q1HVG4.2,407,1
Q1HVG4.2,408,1
Q1HVG4.2,409,1
Q1HVG4.2,410,1
Q1HVG4.2,411,1
Q1HVG4.2,412,1
Q1HVG4.2,413,1
Q1HVG4.2,414,-1
Q1HVG4.2,415,-1
Q1HVG4.2,416,-1
Q1HVG4.2,417,-1
Q1HVG4.2,418,-1
Q1HVG4.2,419,-1
Q1HVG4.2,420,-1
Q1HVG4.2,421,-1
Q1HVG4.2,422,-1
Q1HVG4.2,423,-1
Q1HVG4.2,424,-1
Q1HVG4.2,425,-1
Q1HVG4.2,426,-1
Q1HVG4.2,427,-1
Q1HVG4.2,428,-1
Q1HVG4.2,429,-1
Q1HVG4.2,430,-1
Q1HVG4.2,431,-1
Q1HVG4.2,432,-1
Q1HVG4.2,433,1
Q1HVG4.2,434,1
Q1HVG4.2,435,-1
Q1HVG4.2,436,1
Q1HVG4.2,437,-1
Q1HVG4.2,438,-1
Q1HVG4.2,439,-1
Q1HVG4.2,440,-1
Q1HVG4.2,441,-1
Q1HVG4.2,442,1
Q1HVG4.2,443,1
Q1HVG4.2,444,1
Q1HVG4.2,445,1
Q1HVG4.2,446,-1
Q1HVG4.2,447,-1
Q1HVG4.2,448,-1
Q1HVG4.2,449,1
Q1HVG4.2,450,1
Q1HVG4.2,451,1
Q1HVG4.2,452,1
Q1HVG4.2,453,1
Q1HVG4.2,454,-1
Q1HVG4.2,455,-1
Q1HVG4.2,456,-1
Q1HVG4.2,457,-1
Q1HVG4.2,458,-1
Q1HVG4.2,459,-1
Q1HVG4.2,460,-1
Q1HVG4.2,461,-1
Q1HVG4.2,462,-1
Q1HVG4.2,463,-1
Q1HVG4.2,464,-1
Q1HVG4.2,465,-1
Q1HVG4.2,466,-1
Q1HVG4.2,467,-1
Q1HVG4.2,468,-1
Q1HVG4.2,469,-1
Q1HVG4.2,470,-1
Q1HVG4.2,471,-1
Q1HVG4.2,472,-1
Q1HVG4.2,473,-1
Q1HVG4.2,474,-1
Q1HVG4.2,475,-1
Q1HVG4.2,476,-1
Q1HVG4.2,477,-1
Q1HVG4.2,478,-1
Q1HVG4.2,479,-1
Q1HVG4.2,480,1
Q1HVG4.2,481,1
Q1HVG4.2,482,1
Q1HVG4.2,483,1
Q1HVG4.2,484,-1
Q1HVG4.2,485,-1
Q1HVG4.2,486,-1
Q1HVG4.2,487,-1
Q1HVG4.2,488,-1
Q1HVG4.2,489,-1
Q1HVG4.2,490,-1
Q1HVG4.2,491,-1
Q1HVG4.2,492,-1
Q1HVG4.2,493,-1
Q1HVG4.2,494,-1
Q1HVG4.2,495,-1
Q1HVG4.2,496,-1
Q1HVG4.2,497,-1
Q1HVG4.2,498,1
Q1HVG4.2,499,1
Q1HVG4.2,500,-1
Q1HVG4.2,501,-1
Q1HVG4.2,502,-1
Q1HVG4.2,503,-1
Q1HVG4.2,504,-1
Q1HVG4.2,505,-1
Q1HVG4.2,506,-1
Q1HVG4.2,507,-1
Q1HVG4.2,508,-1
Q1HVG4.2,509,-1
Q1HVG4.2,510,-1
Q1HVG4.2,511,-1
Q1HVG4.2,512,-1
Q1HVG4.2,513,-1
Q1HVG4.2,514,1
Q1HVG4.2,515,1
Q1HVG4.2,516,-1
Q1HVG4.2,517,-1
Q1HVG4.2,518,1
Q1HVG4.2,519,1
Q1HVG4.2,520,1
Q1HVG4.2,521,1
Q1HVG4.2,522,1
Q1HVG4.2,523,1
Q1HVG4.2,524,1
Q1HVG4.2,525,1
Q1HVG4.2,526,1
Q1HVG4.2,527,1
Q1HVG4.2,528,1
Q1HVG4.2,529,1
Q1HVG4.2,530,1
Q1HVG4.2,531,1
Q1HVG4.2,532,1
Q1HVG4.2,533,1
Q1HVG4.2,534,1
Q1HVG4.2,535,1
Q1HVG4.2,536,1
Q1HVG4.2,537,1
Q1HVG4.2,538,1
Q1HVG4.2,539,1
Q1HVG4.2,540,1
Q1HVG4.2,541,1
Q1HVG4.2,542,1
Q1HVG4.2,543,1
Q1HVG4.2,544,-1
Q1HVG4.2,545,-1
Q1HVG4.2,546,-1
Q1HVG4.2,547,-1
Q1HVG4.2,548,-1
Q1HVG4.2,549,-1
Q1HVG4.2,550,-1
Q1HVG4.2,551,-1
Q1HVG4.2,552,-1
Q1HVG4.2,553,-1
Q1HVG4.2,554,-1
Q1HVG4.2,555,-1
Q1HVG4.2,556,-1
Q1HVG4.2,557,-1
Q1HVG4.2,558,-1
Q1HVG4.2,559,-1
Q1HVG4.2,560,-1
Q1HVG4.2,561,-1
Q1HVG4.2,562,-1
Q1HVG4.2,563,-1
Q1HVG4.2,564,-1
Q1HVG4.2,565,-1
Q1HVG4.2,566,-1
Q1HVG4.2,567,-1
Q1HVG4.2,568,-1
Q1HVG4.2,569,-1
Q1HVG4.2,570,-1
Q1HVG4.2,571,-1
Q1HVG4.2,572,-1
Q1HVG4.2,573,-1
Q1HVG4.2,574,-1
Q1HVG4.2,575,-1
Q1HVG4.2,576,-1
Q1HVG4.2,577,1
Q1HVG4.2,578,-1
Q1HVG4.2,579,-1
Q1HVG4.2,580,-1
Q1HVG4.2,581,1
Q1HVG4.2,582,1
Q1HVG4.2,583,1
Q1HVG4.2,584,1
Q1HVG4.2,585,1
Q1HVG4.2,586,1
Q1HVG4.2,587,1
Q1HVG4.2,588,1
Q1HVG4.2,589,1
Q1HVG4.2,590,1
Q1HVG4.2,591,1
Q1HVG4.2,592,1
Q1HVG4.2,593,-1
Q1HVG4.2,594,-1
Q1HVG4.2,595,-1
Q1HVG4.2,596,1
Q1HVG4.2,597,1
Q1HVG4.2,598,1
Q1HVG4.2,599,1
Q1HVG4.2,600,1
Q1HVG4.2,601,1
Q1HVG4.2,602,1
Q1HVG4.2,603,1
Q1HVG4.2,604,1
Q1HVG4.2,605,1
Q1HVG4.2,606,1
Q1HVG4.2,607,1
Q1HVG4.2,608,1
Q1HVG4.2,609,1
Q1HVG4.2,610,1
Q1HVG4.2,611,-1
Q1HVG4.2,612,1
Q1HVG4.2,613,1
Q1HVG4.2,614,1
Q1HVG4.2,615,1
Q1HVG4.2,616,1
Q1HVG4.2,617,1
Q1HVG4.2,618,-1
Q1HVG4.2,619,-1
Q1HVG4.2,620,-1
Q1HVG4.2,621,-1
Q1HVG4.2,622,1
Q1HVG4.2,623,1
Q1HVG4.2,624,-1
Q1HVG4.2,625,-1
Q1HVG4.2,626,-1
Q1HVG4.2,627,-1
Q1HVG4.2,628,1
Q1HVG4.2,629,1
Q1HVG4.2,630,1
Q1HVG4.2,631,1
Q1HVG4.2,632,1
Q1HVG4.2,633,1
Q1HVG4.2,634,1
Q1HVG4.2,635,1
Q1HVG4.2,636,1
Q1HVG4.2,637,-1
Q1HVG4.2,638,-1
Q1HVG4.2,639,1
Q1HVG4.2,640,1
Q1HVG4.2,641,1
Q1HVG4.2,642,1
Q1HVG4.2,643,1
Q1HVG4.2,644,1
Q1HVG4.2,645,1
Q1HVG4.2,646,1
Q1HVG4.2,647,1
Q1HVG4.2,648,1
Q1HVG4.2,649,1
Q1HVG4.2,650,1
Q1HVG4.2,651,1
Q1HVG4.2,652,1
Q1HVG4.2,653,1
Q1HVG4.2,654,1
Q1HVG4.2,655,1
Q1HVG4.2,656,1
Q1HVG4.2,657,1
Q1HVG4.2,658,1
Q1HVG4.2,659,1
Q1HVG4.2,660,1
Q1HVG4.2,661,1
Q1HVG4.2,662,1
Q1HVG4.2,663,1
Q1HVG4.2,664,1
Q1HVG4.2,665,1
Q1HVG4.2,666,1
Q1HVG4.2,667,1
Q1HVG4.2,668,1
Q1HVG4.2,669,1
Q1HVG4.2,670,1
Q1HVG4.2,671,1
Q1HVG4.2,672,1
Q1HVG4.2,673,1
Q1HVG4.2,674,1
Q1HVG4.2,675,1
Q1HVG4.2,676,1
Q1HVG4.2,677,1
Q1HVG4.2,678,1
Q1HVG4.2,679,1
Q1HVG4.2,680,1
Q1HVG4.2,681,1
Q1HVG4.2,682,1
Q1HVG4.2,683,1
Q1HVG4.2,684,1
Q1HVG4.2,685,1
Q1HVG4.2,686,1
Q1HVG4.2,687,1
Q1HVG4.2,688,1
Q1HVG4.2,689,1
Q1HVG4.2,690,1
Q1HVG4.2,691,-1
Q1HVG4.2,692,-1
Q1HVG4.2,693,-1
Q1HVG4.2,694,-1
Q1HVG4.2,695,-1
Q1HVG4.2,696,-1
Q1HVG4.2,697,1
Q1HVG4.2,698,1
Q1HVG4.2,699,1
Q1HVG4.2,700,1
Q1HVG4.2,701,1
Q1HVG4.2,702,1
Q1HVG4.2,703,1
Q1HVG4.2,704,1
Q1HVG4.2,705,1
Q1HVG4.2,706,1
Q1HVG4.2,707,1
Q1HVG4.2,708,1
Q1HVG4.2,709,1
Q1HVG4.2,710,1
Q1HVG4.2,711,1
Q1HVG4.2,712,1
Q1HVG4.2,713,1
Q1HVG4.2,714,1
Q1HVG4.2,715,1
Q1HVG4.2,716,1
Q1HVG4.2,717,1
Q1HVG4.2,718,1
Q1HVG4.2,719,1
Q1HVG4.2,720,1
Q1HVG4.2,721,1
Q1HVG4.2,722,1
Q1HVG4.2,723,1
Q1HVG4.2,724,1
Q1HVG4.2,725,1
Q1HVG4.2,726,1
Q1HVG4.2,727,1
Q1HVG4.2,728,1
Q1HVG4.2,729,1
Q1HVG4.2,730,1
Q1HVG4.2,731,1
Q1HVG4.2,732,1
Q1HVG4.2,733,1
Q1HVG4.2,734,1
Q1HVG4.2,735,1
Q1HVG4.2,736,1
Q1HVG4.2,737,1
Q1HVG4.2,738,1
Q1HVG4.2,739,1
Q1HVG4.2,740,1
Q1HVG4.2,741,1
Q1HVG4.2,742,1
Q1HVG4.2,743,1
Q1HVG4.2,744,1
Q1HVG4.2,745,1
Q1HVG4.2,746,1
Q1HVG4.2,747,1
Q1HVG4.2,748,1
Q1HVG4.2,749,1
Q1HVG4.2,750,1
Q1HVG4.2,751,1
Q1HVG4.2,752,1
Q1HVG4.2,753,1
Q1HVG4.2,754,1
Q1HVG4.2,755,1
Q1HVG4.2,756,1
Q1HVG4.2,757,1
Q1HVG4.2,758,1
Q1HVG4.2,759,1
Q1HVG4.2,760,1
Q1HVG4.2,761,1
Q1HVG4.2,762,1
Q1HVG4.2,763,1
Q1HVG4.2,764,1
Q1HVG4.2,765,1
Q1HVG4.2,766,1
Q1HVG4.2,767,1
Q1HVG4.2,768,1
Q1HVG4.2,769,1
Q1HVG4.2,770,1
Q1HVG4.2,771,1
Q1HVG4.2,772,1
Q1HVG4.2,773,-1
Q1HVG4.2,774,-1
Q1HVG4.2,775,-1
Q1HVG4.2,776,-1
Q1HVG4.2,777,-1
Q1HVG4.2,778,-1
Q1HVG4.2,779,-1
Q1HVG4.2,780,-1
Q1HVG4.2,781,-1
Q1HVG4.2,782,-1
Q1HVG4.2,783,1
Q1HVG4.2,784,1
Q1HVG4.2,785,1
Q1HVG4.2,786,1
Q1HVG4.2,787,1
Q1HVG4.2,788,1
Q1HVG4.2,789,1
Q1HVG4.2,790,1
Q1HVG4.2,791,1
Q1HVG4.2,792,1
Q1HVG4.2,793,1
Q1HVG4.2,794,1
Q1HVG4.2,795,1
Q1HVG4.2,796,1
Q1HVG4.2,797,1
Q1HVG4.2,798,1
Q1HVG4.2,799,1
Q1HVG4.2,800,1
Q1HVG4.2,801,-1
Q1HVG4.2,802,-1
Q1HVG4.2,803,-1
Q1HVG4.2,804,-1
Q1HVG4.2,805,1
Q1HVG4.2,806,1
Q1HVG4.2,807,1
Q1HVG4.2,808,1
Q1HVG4.2,809,1
Q1HVG4.2,810,-1
Q1HVG4.2,811,-1
Q1HVG4.2,812,-1
Q1HVG4.2,813,1
Q1HVG4.2,814,1
Q1HVG4.2,815,-1
Q1HVG4.2,816,-1
Q1HVG4.2,817,-1
Q1HVG4.2,818,-1
Q1HVG4.2,819,-1
Q1HVG4.2,820,-1
Q1HVG4.2,821,1
Q1HVG4.2,822,1
Q1HVG4.2,823,-1
Q1HVG4.2,824,-1
Q1HVG4.2,825,-1
Q1HVG4.2,826,-1
Q1HVG4.2,827,-1
Q1HVG4.2,828,-1
Q1HVG4.2,829,-1
Q1HVG4.2,830,1
Q1HVG4.2,831,1
Q1HVG4.2,832,1
Q1HVG4.2,833,-1
Q1HVG4.2,834,1
Q1HVG4.2,835,1
Q1HVG4.2,836,1
Q1HVG4.2,837,1
Q1HVG4.2,838,-1
Q1HVG4.2,839,-1
Q1HVG4.2,840,-1
Q1HVG4.2,841,1
Q1HVG4.2,842,-1
Q1HVG4.2,843,-1
Q1HVG4.2,844,-1
Q1HVG4.2,845,-1
Q1HVG4.2,846,-1
Q1HVG4.2,847,-1
Q1HVG4.2,848,-1
Q1HVG4.2,849,-1
Q1HVG4.2,850,-1
Q1HVG4.2,851,-1
Q1HVG4.2,852,-1
Q1HVG4.2,853,-1
Q1HVG4.2,854,-1
Q1HVG4.2,855,1
Q1HVG4.2,856,1
Q1HVG4.2,857,1
Q1HVG4.2,858,1
Q1HVG4.2,859,1
Q1HVG4.2,860,1
Q1HVG4.2,861,1
Q1HVG4.2,862,1
Q1HVG4.2,863,-1
Q1HVG4.2,864,-1
Q1HVG4.2,865,-1
Q1HVG4.2,866,-1
Q1HVG4.2,867,-1
Q1HVG4.2,868,-1
Q1HVG4.2,869,1
Q1HVG4.2,870,1
Q1HVG4.2,871,1
Q1HVG4.2,872,1
Q1HVG4.2,873,1
Q1HVG4.2,874,1
Q1HVG4.2,875,1
Q1HVG4.2,876,1
Q1HVG4.2,877,1
Q1HVG4.2,878,1
Q1HVG4.2,879,1
Q1HVG4.2,880,1
Q1HVG4.2,881,1
Q1HVG4.2,882,1
Q1HVG4.2,883,1
Q1HVG4.2,884,1
Q1HVG4.2,885,1
Q1HVG4.2,886,1
Q1HVG4.2,887,1
Q1HVG4.2,888,1
Q1HVG4.2,889,1
Q1HVG4.2,890,1
Q1HVG4.2,891,1
Q1HVG4.2,892,1
Q1HVG4.2,893,1
Q1HVG4.2,894,1
Q1HVG4.2,895,1
Q1HVG4.2,896,-1
Q1HVG4.2,897,-1
Q1HVG4.2,898,-1
Q1HVG4.2,899,-1
Q1HVG4.2,900,-1
Q1HVG4.2,901,-1
Q1HVG4.2,902,1
Q1HVG4.2,903,1
Q1HVG4.2,904,1
Q1HVG4.2,905,1
Q1HVG4.2,906,-1
Q1HVG4.2,907,-1
Q1HVG4.2,908,-1
Q1HVG4.2,909,-1
Q1HVG4.2,910,1
Q1HVG4.2,911,1
Q1HVG4.2,912,-1
Q1HVG4.2,913,-1
Q1HVG4.2,914,-1
Q1HVG4.2,915,1
Q1HVG4.2,916,1
Q1HVG4.2,917,-1
Q1HVG4.2,918,1
Q1HVG4.2,919,-1
Q1HVG4.2,920,-1
Q1HVG4.2,921,-1
Q1HVG4.2,922,-1
Q1HVG4.2,923,-1
Q1HVG4.2,924,1
Q1HVG4.2,925,1
Q1HVG4.2,926,1
Q1HVG4.2,927,1
Q1HVG4.2,928,1
Q1HVG4.2,929,1
Q1HVG4.2,930,1
Q1HVG4.2,931,1
Q1HVG4.2,932,1
Q1HVG4.2,933,1
Q1HVG4.2,934,1
Q1HVG4.2,935,-1
Q1HVG4.2,936,-1
Q1HVG4.2,937,-1
Q1HVG4.2,938,-1
Q1HVG4.2,939,-1
Q1HVG4.2,940,-1
Q1HVG4.2,941,-1
Q1HVG4.2,942,1
Q1HVG4.2,943,-1
Q1HVG4.2,944,-1
Q1HVG4.2,945,-1
Q1HVG4.2,946,-1
